EcN_gene,gene,origin,added,notebook,notes,gene.1
CIW80_06560,b2551,iML1515,automatic,3.1,none,
CIW80_22360,b0870,iML1515,automatic,3.1,none,
CIW80_11380,b3368,iML1515,automatic,3.1,none,
CIW80_06055,b2436,iML1515,automatic,3.1,none,
CIW80_12105,b3500,iML1515,automatic,3.1,none,
CIW80_22710,b0945,iML1515,automatic,3.1,none,
CIW80_09250,b4467,iML1515,automatic,3.1,none,
CIW80_09255,b4468,iML1515,automatic,3.1,none,
CIW80_09260,b2979,iML1515,automatic,3.1,none,
CIW80_14585,b3916,iML1515,automatic,3.1,none,
CIW80_25240,b1260,iML1515,automatic,3.1,none,
CIW80_25245,b1261,iML1515,automatic,3.1,none,
CIW80_11665,b3426,iML1515,automatic,3.1,none,
CIW80_05155,b2242,iML1515,automatic,3.1,none,
CIW80_05160,b2243,iML1515,automatic,3.1,none,
CIW80_05150,b2241,iML1515,automatic,3.1,none,
CIW80_15440,b4054,iML1515,automatic,3.1,none,
CIW80_13715,b3770,iML1515,automatic,3.1,none,
CIW80_10920,b3281,iML1515,automatic,3.1,none,
CIW80_01330,b1692,iML1515,automatic,3.1,none,
CIW80_19490,b0243,iML1515,automatic,3.1,none,
CIW80_00900,b1613,iML1515,automatic,3.1,none,
CIW80_20185,b0414,iML1515,automatic,3.1,none,
CIW80_09695,b3041,iML1515,automatic,3.1,none,
CIW80_17795,b0025,iML1515,automatic,3.1,none,
CIW80_22225,b0844,iML1515,automatic,3.1,none,
CIW80_20355,b0446,iML1515,automatic,3.1,none,
CIW80_13940,b3812,iML1515,automatic,3.1,none,
CIW80_01175,b1662,iML1515,automatic,3.1,none,
CIW80_20220,b0421,iML1515,automatic,3.1,none,
CIW80_13885,b3804,iML1515,automatic,3.1,none,
CIW80_15050,b3997,iML1515,automatic,3.1,none,
CIW80_17565,b4382,iML1515,automatic,3.1,none,
CIW80_18385,b0126,iML1515,automatic,3.1,none,
CIW80_15100,b4006,iML1515,automatic,3.1,none,
CIW80_06355,b2508,iML1515,automatic,3.1,none,
CIW80_14210,b3846,iML1515,automatic,3.1,none,
CIW80_05635,b2341,iML1515,automatic,3.1,none,
CIW80_05875,b2400,iML1515,automatic,3.1,none,
CIW80_15030,b3993,iML1515,automatic,3.1,none,
CIW80_04120,b2066,iML1515,automatic,3.1,none,
CIW80_19465,b0238,iML1515,automatic,3.1,none,
CIW80_18380,b0125,iML1515,automatic,3.1,none,
CIW80_20510,b0474,iML1515,automatic,3.1,none,
CIW80_06420,b2518,iML1515,automatic,3.1,none,
CIW80_23920,b1062,iML1515,automatic,3.1,none,
CIW80_25370,b1281,iML1515,automatic,3.1,none,
CIW80_21570,b0720,iML1515,automatic,3.1,none,
CIW80_24300,b1136,iML1515,automatic,3.1,none,
CIW80_25140,b1241,iML1515,automatic,3.1,none,
CIW80_15590,b4069,iML1515,automatic,3.1,none,
CIW80_06310,b2502,iML1515,automatic,3.1,none,
CIW80_16495,b4226,iML1515,automatic,3.1,none,
CIW80_07420,b2744,iML1515,automatic,3.1,none,
CIW80_11530,b3403,iML1515,automatic,3.1,none,
CIW80_00380,b1479,iML1515,automatic,3.1,none,
CIW80_24810,b1190,iML1515,automatic,3.1,none,
CIW80_15425,b4053,iML1515,automatic,3.1,none,
CIW80_05780,b2379,iML1515,automatic,3.1,none,
CIW80_05385,b2290,iML1515,automatic,3.1,none,
CIW80_12540,b3564,iML1515,automatic,3.1,none,
CIW80_18000,b0063,iML1515,automatic,3.1,none,
CIW80_13625,b3752,iML1515,automatic,3.1,none,
CIW80_14640,b3926,iML1515,automatic,3.1,none,
CIW80_17570,b4383,iML1515,automatic,3.1,none,
CIW80_22655,b0928,iML1515,automatic,3.1,none,
CIW80_16520,b4232,iML1515,automatic,3.1,none,
CIW80_13345,b3697,iML1515,automatic,3.1,none,
CIW80_14635,b3925,iML1515,automatic,3.1,none,
CIW80_11730,b3430,iML1515,automatic,3.1,none,
CIW80_02190,b1854,iML1515,automatic,3.1,none,
CIW80_01245,b1676,iML1515,automatic,3.1,none,
CIW80_07210,b2708,iML1515,automatic,3.1,none,
CIW80_10455,b3197,iML1515,automatic,3.1,none,
CIW80_18060,b0071,iML1515,automatic,3.1,none,
CIW80_18065,b0072,iML1515,automatic,3.1,none,
CIW80_18090,b0077,iML1515,automatic,3.1,none,
CIW80_18095,b0078,iML1515,automatic,3.1,none,
CIW80_13235,b3671,iML1515,automatic,3.1,none,
CIW80_13230,b3670,iML1515,automatic,3.1,none,
CIW80_22555,b0908,iML1515,automatic,3.1,none,
CIW80_25255,b1263,iML1515,automatic,3.1,none,
CIW80_25260,b1264,iML1515,automatic,3.1,none,
CIW80_06825,b2599,iML1515,automatic,3.1,none,
CIW80_06830,b2600,iML1515,automatic,3.1,none,
CIW80_05575,b2329,iML1515,automatic,3.1,none,
CIW80_25250,b1262,iML1515,automatic,3.1,none,
CIW80_07580,b2779,iML1515,automatic,3.1,none,
CIW80_08350,b2925,iML1515,automatic,3.1,none,
CIW80_04270,b2097,iML1515,automatic,3.1,none,
CIW80_22805,b0963,iML1515,automatic,3.1,none,
CIW80_01385,b1702,iML1515,automatic,3.1,none,
CIW80_15260,b4025,iML1515,automatic,3.1,none,
CIW80_08355,b2926,iML1515,automatic,3.1,none,
CIW80_02170,b1850,iML1515,automatic,3.1,none,
CIW80_21825,b0767,iML1515,automatic,3.1,none,
CIW80_11440,b3386,iML1515,automatic,3.1,none,
CIW80_06160,b2464,iML1515,automatic,3.1,none,
CIW80_17715,b0008,iML1515,automatic,3.1,none,
CIW80_06165,b2465,iML1515,automatic,3.1,none,
CIW80_08430,b2935,iML1515,automatic,3.1,none,
CIW80_21365,b0678,iML1515,automatic,3.1,none,
CIW80_00375,b1478,iML1515,automatic,3.1,none,
CIW80_16675,b4269,iML1515,automatic,3.1,none,
CIW80_20625,b0493,iML1515,automatic,3.1,none,
CIW80_12645,b3588,iML1515,automatic,3.1,none,
CIW80_09415,b3003,iML1515,automatic,3.1,none,
CIW80_09450,b3011,iML1515,automatic,3.1,none,
CIW80_14520,b3903,iML1515,automatic,3.1,none,
CIW80_05940,b2411,iML1515,automatic,3.1,none,
CIW80_15045,b3996,iML1515,automatic,3.1,none,
CIW80_17605,b4390,iML1515,automatic,3.1,none,
CIW80_21215,b0639,iML1515,automatic,3.1,none,
CIW80_04300,b2103,iML1515,automatic,3.1,none,
CIW80_05975,b2418,iML1515,automatic,3.1,none,
CIW80_14115,b3831,iML1515,automatic,3.1,none,
CIW80_17575,b4384,iML1515,automatic,3.1,none,
CIW80_09865,b3073,iML1515,automatic,3.1,none,
CIW80_13410,b3708,iML1515,automatic,3.1,none,
CIW80_09435,b3008,iML1515,automatic,3.1,none,
CIW80_12785,b3614,iML1515,automatic,3.1,none,
CIW80_24290,b1134,iML1515,automatic,3.1,none,
CIW80_12910,b3642,iML1515,automatic,3.1,none,
CIW80_20190,b0415,iML1515,automatic,3.1,none,
CIW80_13720,b3771,iML1515,automatic,3.1,none,
CIW80_05400,b2293,iML1515,automatic,3.1,none,
CIW80_14405,b3885,iML1515,automatic,3.1,none,
CIW80_06720,b2579,iML1515,automatic,3.1,none,
CIW80_10060,b3114,iML1515,automatic,3.1,none,
CIW80_14790,b3952,iML1515,automatic,3.1,none,
CIW80_22525,b0902,iML1515,automatic,3.1,none,
CIW80_22530,b0903,iML1515,automatic,3.1,none,
CIW80_14785,b3951,iML1515,automatic,3.1,none,
CIW80_16090,b4152,iML1515,automatic,3.1,none,
CIW80_16095,b4153,iML1515,automatic,3.1,none,
CIW80_16100,b4154,iML1515,automatic,3.1,none,
CIW80_16085,b4151,iML1515,automatic,3.1,none,
CIW80_22365,b0871,iML1515,automatic,3.1,none,
CIW80_05420,b2297,iML1515,automatic,3.1,none,
CIW80_06120,b2458,iML1515,automatic,3.1,none,
CIW80_10065,b3115,iML1515,automatic,3.1,none,
CIW80_02165,b1849,iML1515,automatic,3.1,none,
CIW80_05415,b2296,iML1515,automatic,3.1,none,
CIW80_12865,b3633,iML1515,automatic,3.1,none,
CIW80_18635,b0174,iML1515,automatic,3.1,none,
CIW80_20755,b0524,iML1515,automatic,3.1,none,
CIW80_18675,b0182,iML1515,automatic,3.1,none,
CIW80_22590,b0915,iML1515,automatic,3.1,none,
CIW80_07590,b2781,iML1515,automatic,3.1,none,
CIW80_18205,b0099,iML1515,automatic,3.1,none,
CIW80_18565,b0160,iML1515,automatic,3.1,none,
CIW80_18070,b0073,iML1515,automatic,3.1,none,
CIW80_20740,b0523,iML1515,automatic,3.1,none,
CIW80_24275,b1131,iML1515,automatic,3.1,none,
CIW80_05915,b2407,iML1515,automatic,3.1,none,
CIW80_05125,b2235,iML1515,automatic,3.1,none,
CIW80_13765,b3781,iML1515,automatic,3.1,none,
CIW80_06740,b2582,iML1515,automatic,3.1,none,
CIW80_05120,b2234,iML1515,automatic,3.1,none,
CIW80_07940,b2827,iML1515,automatic,3.1,none,
CIW80_25130,b1238,iML1515,automatic,3.1,none,
CIW80_12895,b3639,iML1515,automatic,3.1,none,
CIW80_25100,b1232,iML1515,automatic,3.1,none,
CIW80_02175,b1851,iML1515,automatic,3.1,none,
CIW80_01335,b1693,iML1515,automatic,3.1,none,
CIW80_16050,b4146,iML1515,automatic,3.1,none,
CIW80_22980,b1004,iML1515,automatic,3.1,none,
CIW80_13435,b3713,iML1515,automatic,3.1,none,
CIW80_24155,b1109,iML1515,automatic,3.1,none,
CIW80_17915,b0046,iML1515,automatic,3.1,none,
CIW80_10630,b3236,iML1515,automatic,3.1,none,
CIW80_00895,b1612,iML1515,automatic,3.1,none,
CIW80_00890,b1611,iML1515,automatic,3.1,none,
CIW80_15910,b4122,iML1515,automatic,3.1,none,
CIW80_01040,b1638,iML1515,automatic,3.1,none,
CIW80_22550,b0907,iML1515,automatic,3.1,none,
CIW80_24945,b1210,iML1515,automatic,3.1,none,
CIW80_11725,b3429,iML1515,automatic,3.1,none,
CIW80_11720,b3428,iML1515,automatic,3.1,none,
CIW80_11625,b3417,iML1515,automatic,3.1,none,
CIW80_20255,b0428,iML1515,automatic,3.1,none,
CIW80_18355,b0120,iML1515,automatic,3.1,none,
CIW80_08440,b2937,iML1515,automatic,3.1,none,
CIW80_15885,b4117,iML1515,automatic,3.1,none,
CIW80_10330,b3172,iML1515,automatic,3.1,none,
CIW80_14820,b3958,iML1515,automatic,3.1,none,
CIW80_18360,b0121,iML1515,automatic,3.1,none,
CIW80_18535,b0154,iML1515,automatic,3.1,none,
CIW80_22605,b0918,iML1515,automatic,3.1,none,
CIW80_17250,b4322,iML1515,automatic,3.1,none,
CIW80_09960,b3091,iML1515,automatic,3.1,none,
CIW80_09965,b3092,iML1515,automatic,3.1,none,
CIW80_10350,b3176,iML1515,automatic,3.1,none,
CIW80_13515,b3730,iML1515,automatic,3.1,none,
CIW80_10415,b3189,iML1515,automatic,3.1,none,
CIW80_14890,b3967,iML1515,automatic,3.1,none,
CIW80_13790,b3786,iML1515,automatic,3.1,none,
CIW80_05545,b2323,iML1515,automatic,3.1,none,
CIW80_05110,b2232,iML1515,automatic,3.1,none,
CIW80_20975,b0593,iML1515,automatic,3.1,none,
CIW80_18475,b0142,iML1515,automatic,3.1,none,
CIW80_12870,b3634,iML1515,automatic,3.1,none,
CIW80_20090,b0394,iML1515,automatic,3.1,none,
CIW80_18630,b0173,iML1515,automatic,3.1,none,
CIW80_14195,b3843,iML1515,automatic,3.1,none,
CIW80_20525,b0477,iML1515,automatic,3.1,none,
CIW80_06960,b2662,iML1515,automatic,3.1,none,
CIW80_00575,b1525,iML1515,automatic,3.1,none,
CIW80_16015,b4139,iML1515,automatic,3.1,none,
CIW80_07665,b2797,iML1515,automatic,3.1,none,
CIW80_10075,b3117,iML1515,automatic,3.1,none,
CIW80_01965,b1814,iML1515,automatic,3.1,none,
CIW80_10050,b4471,iML1515,automatic,3.1,none,
CIW80_12795,b3616,iML1515,automatic,3.1,none,
CIW80_12655,b3589,iML1515,automatic,3.1,none,
CIW80_13735,b3774,iML1515,automatic,3.1,none,
CIW80_05510,b2316,iML1515,automatic,3.1,none,
CIW80_10735,b3255,iML1515,automatic,3.1,none,
CIW80_18690,b0185,iML1515,automatic,3.1,none,
CIW80_10740,b3256,iML1515,automatic,3.1,none,
CIW80_06905,b2615,iML1515,automatic,3.1,none,
CIW80_05275,b2265,iML1515,removed,3.1,Empty gene. Removed in 4.7,
CIW80_05255,b2261,iML1515,automatic,3.1,none,
CIW80_20990,b0596,iML1515,automatic,3.1,none,
CIW80_20985,b0595,iML1515,automatic,3.1,none,
CIW80_12640,b3583,iML1515,automatic,3.1,none,
CIW80_17990,b0061,iML1515,automatic,3.1,none,
CIW80_16315,b4198,iML1515,automatic,3.1,none,
CIW80_17520,b4374,iML1515,automatic,3.1,none,
CIW80_21350,b0675,iML1515,automatic,3.1,none,
CIW80_05390,b2291,iML1515,automatic,3.1,none,
CIW80_01105,b1651,iML1515,automatic,3.1,none,
CIW80_21820,b0766,iML1515,automatic,3.1,none,
CIW80_14010,b3826,iML1515,automatic,3.1,none,
CIW80_21770,b0758,iML1515,automatic,3.1,none,
CIW80_20215,b0420,iML1515,automatic,3.1,none,
CIW80_24935,b1208,iML1515,automatic,3.1,none,
CIW80_07430,b2746,iML1515,automatic,3.1,none,
CIW80_12300,b3526,iML1515,automatic,3.1,none,
CIW80_12545,b3565,iML1515,automatic,3.1,none,
CIW80_04030,b2048,iML1515,automatic,3.1,none,
CIW80_15155,b4015,iML1515,automatic,3.1,none,
CIW80_08240,b2904,iML1515,automatic,3.1,none,
CIW80_18330,b0116,iML1515,automatic,3.1,none,
CIW80_08245,b2905,iML1515,automatic,3.1,none,
CIW80_08235,b2903,iML1515,automatic,3.1,none,
CIW80_21775,b0759,iML1515,automatic,3.1,none,
CIW80_19885,b0344,iML1515,automatic,3.1,none,
CIW80_16555,b4239,iML1515,automatic,3.1,none,
CIW80_14810,b3956,iML1515,automatic,3.1,none,
CIW80_22115,b0822,iML1515,automatic,3.1,none,
CIW80_21090,b0616,iML1515,automatic,3.1,none,
CIW80_21095,b0617,iML1515,automatic,3.1,none,
CIW80_21080,b0614,iML1515,automatic,3.1,none,
CIW80_21085,b0615,iML1515,automatic,3.1,none,
CIW80_04050,b2052,iML1515,automatic,3.1,none,
CIW80_01030,b1636,iML1515,automatic,3.1,none,
CIW80_25350,b1277,iML1515,automatic,3.1,none,
CIW80_07460,b2752,iML1515,automatic,3.1,none,
CIW80_07455,b2751,iML1515,automatic,3.1,none,
CIW80_07675,b2799,iML1515,automatic,3.1,none,
CIW80_14515,b3902,iML1515,automatic,3.1,none,
CIW80_07195,b2705,iML1515,automatic,3.1,none,
CIW80_04235,b2091,iML1515,automatic,3.1,none,
CIW80_10175,b3137,iML1515,automatic,3.1,none,
CIW80_04260,b2096,iML1515,automatic,3.1,none,
CIW80_10140,b3132,iML1515,automatic,3.1,none,
CIW80_04255,b2095,iML1515,automatic,3.1,none,
CIW80_17255,b4323,iML1515,automatic,3.1,none,
CIW80_00545,b1521,iML1515,automatic,3.1,none,
CIW80_11435,b3385,iML1515,automatic,3.1,none,
CIW80_20665,b0507,iML1515,automatic,3.1,none,
CIW80_09785,b3061,iML1515,automatic,3.1,none,
CIW80_09790,b3062,iML1515,automatic,3.1,none,
CIW80_10105,b3126,iML1515,automatic,3.1,none,
CIW80_24085,b1095,iML1515,automatic,3.1,none,
CIW80_23880,b1054,iML1515,automatic,3.1,none,
CIW80_02195,b1855,iML1515,automatic,3.1,none,
CIW80_05775,b2378,iML1515,automatic,3.1,none,
CIW80_18260,b0109,iML1515,automatic,3.1,none,
CIW80_24080,b1094,iML1515,automatic,3.1,none,
CIW80_07985,b2836,iML1515,automatic,3.1,none,
CIW80_06210,b2472,iML1515,automatic,3.1,none,
CIW80_00765,b1590,iML1515,automatic,3.1,none,
CIW80_22500,b0894,iML1515,automatic,3.1,none,
CIW80_00755,b1588,iML1515,automatic,3.1,none,
CIW80_00750,b1587,iML1515,automatic,3.1,none,
CIW80_22510,b0896,iML1515,automatic,3.1,none,
CIW80_00760,b1589,iML1515,automatic,3.1,none,
CIW80_22505,b0895,iML1515,automatic,3.1,none,
CIW80_12485,b3553,iML1515,automatic,3.1,none,
CIW80_21210,b0638,iML1515,automatic,3.1,none,
CIW80_11505,b3399,iML1515,automatic,3.1,none,
CIW80_20480,b0469,iML1515,automatic,3.1,none,
CIW80_10405,b3187,iML1515,automatic,3.1,none,
CIW80_10555,b3222,iML1515,automatic,3.1,none,
CIW80_10570,b3225,iML1515,automatic,3.1,none,
CIW80_14745,b3942,iML1515,automatic,3.1,none,
CIW80_01535,b1732,iML1515,automatic,3.1,none,
CIW80_20935,b0586,iML1515,automatic,3.1,none,
CIW80_13835,b3794,iML1515,automatic,3.1,none,
CIW80_13330,b3693,iML1515,automatic,3.1,none,
CIW80_08230,b2901,iML1515,automatic,3.1,none,
CIW80_13470,b3721,iML1515,automatic,3.1,none,
CIW80_11620,b3416,iML1515,automatic,3.1,none,
CIW80_17940,b0049,iML1515,automatic,3.1,none,
CIW80_13780,b3784,iML1515,automatic,3.1,none,
CIW80_13825,b4481,iML1515,automatic,3.1,none,
CIW80_09720,b3052,iML1515,automatic,3.1,none,
CIW80_02685,b1896,iML1515,automatic,3.1,none,
CIW80_22210,b0841,iML1515,automatic,3.1,none,
CIW80_25355,b1278,iML1515,automatic,3.1,none,
CIW80_09760,b3057,iML1515,automatic,3.1,none,
CIW80_12260,b3519,iML1515,automatic,3.1,none,
CIW80_22565,b0910,iML1515,automatic,3.1,none,
CIW80_12945,b3648,iML1515,automatic,3.1,none,
CIW80_05060,b2221,iML1515,automatic,3.1,none,
CIW80_05065,b2222,iML1515,automatic,3.1,none,
CIW80_01340,b1694,iML1515,automatic,3.1,none,
CIW80_13805,b3789,iML1515,automatic,3.1,none,
CIW80_13800,b3788,iML1515,automatic,3.1,none,
CIW80_20685,b0512,iML1515,automatic,3.1,none,
CIW80_14915,b3972,iML1515,automatic,3.1,none,
None,s0001,iML1515,automatic,3.1,none,
CIW80_12800,b3617,iML1515,automatic,3.1,none,
CIW80_17820,b0030,iML1515,automatic,3.1,none,
CIW80_18780,b0200,iML1515,automatic,3.1,none,
CIW80_19410,b0222,iML1515,automatic,3.1,none,
CIW80_17875,b0038,iML1515,automatic,3.1,none,
CIW80_17865,b0036,iML1515,automatic,3.1,none,
CIW80_14200,b3844,iML1515,automatic,3.1,none,
CIW80_07595,b2784,iML1515,automatic,3.1,none,
CIW80_06030,b2431,iML1515,automatic,3.1,none,
CIW80_23065,b1019,iML1515,automatic,3.1,none,
CIW80_20515,b0475,iML1515,automatic,3.1,none,
CIW80_15340,b4040,iML1515,automatic,3.1,none,
CIW80_14925,b3974,iML1515,automatic,3.1,none,
CIW80_18230,b0103,iML1515,automatic,3.1,none,
CIW80_04305,b2104,iML1515,automatic,3.1,none,
CIW80_24970,b1215,iML1515,automatic,3.1,none,
CIW80_10460,b3198,iML1515,automatic,3.1,none,
CIW80_01615,b1747,iML1515,automatic,3.1,none,
CIW80_01600,b1744,iML1515,automatic,3.1,none,
CIW80_09340,b2988,iML1515,automatic,3.1,none,
CIW80_08135,b2883,iML1515,automatic,3.1,none,
CIW80_24100,b1098,iML1515,automatic,3.1,none,
CIW80_22465,b0888,iML1515,automatic,3.1,none,
CIW80_21465,b0688,iML1515,automatic,3.1,none,
CIW80_25550,b1317,iML1515,automatic,3.1,none,
CIW80_07120,b2690,iML1515,automatic,3.1,none,
CIW80_04665,b2168,iML1515,automatic,3.1,none,
CIW80_07105,b2687,iML1515,automatic,3.1,none,
CIW80_16305,b4196,iML1515,automatic,3.1,none,
CIW80_12630,b3581,iML1515,automatic,3.1,none,
CIW80_12635,b3582,iML1515,automatic,3.1,none,
CIW80_16310,b4197,iML1515,automatic,3.1,none,
CIW80_12595,b3575,iML1515,automatic,3.1,none,
CIW80_19745,b0312,iML1515,automatic,3.1,none,
CIW80_20130,b0403,iML1515,automatic,3.1,none,
CIW80_18815,b0207,iML1515,automatic,3.1,none,
CIW80_09455,b3012,iML1515,automatic,3.1,none,
CIW80_14855,b3962,iML1515,automatic,3.1,none,
CIW80_22700,b0937,iML1515,automatic,3.1,none,
CIW80_07485,b2763,iML1515,automatic,3.1,none,
CIW80_07490,b2764,iML1515,automatic,3.1,none,
CIW80_06635,b2563,iML1515,automatic,3.1,none,
CIW80_11965,b3475,iML1515,automatic,3.1,none,
CIW80_06350,b2507,iML1515,automatic,3.1,none,
CIW80_03330,b1982,iML1515,automatic,3.1,none,
CIW80_01955,b1812,iML1515,automatic,3.1,none,
CIW80_11340,b3360,iML1515,automatic,3.1,none,
CIW80_24090,b1096,iML1515,automatic,3.1,none,
CIW80_15335,b4039,iML1515,automatic,3.1,none,
CIW80_24895,b1200,iML1515,automatic,3.1,none,
CIW80_05960,b2415,iML1515,automatic,3.1,none,
CIW80_24890,b1199,iML1515,automatic,3.1,none,
CIW80_05965,b2416,iML1515,automatic,3.1,none,
CIW80_24885,b1198,iML1515,automatic,3.1,none,
CIW80_18620,b0171,iML1515,automatic,3.1,none,
CIW80_13325,b4477,iML1515,automatic,3.1,none,
CIW80_06285,b2498,iML1515,automatic,3.1,none,
CIW80_07585,b2780,iML1515,automatic,3.1,none,
CIW80_18145,b0087,iML1515,automatic,3.1,none,
CIW80_18160,b0090,iML1515,automatic,3.1,none,
CIW80_14765,b3946,iML1515,automatic,3.1,none,
CIW80_22130,b0825,iML1515,automatic,3.1,none,
CIW80_12805,b3619,iML1515,automatic,3.1,none,
CIW80_23760,b1033,iML1515,automatic,3.1,none,
CIW80_14815,b3957,iML1515,automatic,3.1,none,
CIW80_00950,b1623,iML1515,automatic,3.1,none,
CIW80_13190,b3665,iML1515,automatic,3.1,none,
CIW80_16210,b4177,iML1515,automatic,3.1,none,
CIW80_21360,b0677,iML1515,automatic,3.1,none,
CIW80_01740,b1767,iML1515,automatic,3.1,none,
CIW80_22145,b0828,iML1515,automatic,3.1,none,
CIW80_13585,b3744,iML1515,automatic,3.1,none,
CIW80_21345,b0674,iML1515,automatic,3.1,none,
CIW80_16580,b4244,iML1515,automatic,3.1,none,
CIW80_16585,b4245,iML1515,automatic,3.1,none,
CIW80_17815,b0029,iML1515,automatic,3.1,none,
CIW80_24070,b1092,iML1515,automatic,3.1,none,
CIW80_13925,b3809,iML1515,automatic,3.1,none,
CIW80_17830,b0031,iML1515,automatic,3.1,none,
CIW80_17690,b0003,iML1515,automatic,3.1,none,
CIW80_01620,b1748,iML1515,automatic,3.1,none,
CIW80_11335,b3359,iML1515,automatic,3.1,none,
CIW80_17695,b0004,iML1515,automatic,3.1,none,
CIW80_15145,b4013,iML1515,automatic,3.1,none,
CIW80_06835,b2601,iML1515,automatic,3.1,none,
CIW80_21750,b0754,iML1515,automatic,3.1,none,
CIW80_01400,b1704,iML1515,automatic,3.1,none,
CIW80_07170,b2700,iML1515,automatic,3.1,none,
CIW80_01745,b1768,iML1515,automatic,3.1,none,
CIW80_23035,b1014,iML1515,automatic,3.1,none,
CIW80_00735,b1584,iML1515,automatic,3.1,none,
CIW80_13810,b3790,iML1515,automatic,3.1,none,
CIW80_15150,b4014,iML1515,automatic,3.1,none,
CIW80_09240,b2976,iML1515,automatic,3.1,none,
CIW80_02690,b1897,iML1515,automatic,3.1,none,
CIW80_09620,b3034,iML1515,automatic,3.1,none,
CIW80_11495,b3397,iML1515,automatic,3.1,none,
CIW80_17995,b0062,iML1515,automatic,3.1,none,
CIW80_12690,b3600,iML1515,automatic,3.1,none,
CIW80_12750,b3608,iML1515,automatic,3.1,none,
CIW80_15900,b4119,iML1515,automatic,3.1,none,
CIW80_07690,b2802,iML1515,automatic,3.1,none,
CIW80_07695,b2803,iML1515,automatic,3.1,none,
CIW80_07680,b2800,iML1515,automatic,3.1,none,
CIW80_07380,b2738,iML1515,automatic,3.1,none,
CIW80_19860,b0335,iML1515,automatic,3.1,none,
CIW80_25120,b1236,iML1515,automatic,3.1,none,
CIW80_18660,b0179,iML1515,automatic,3.1,none,
CIW80_18135,b0085,iML1515,automatic,3.1,none,
CIW80_18165,b0091,iML1515,automatic,3.1,none,
CIW80_18150,b0088,iML1515,automatic,3.1,none,
CIW80_20655,b0505,iML1515,automatic,3.1,none,
CIW80_21605,b0726,iML1515,automatic,3.1,none,
CIW80_21610,b0727,iML1515,automatic,3.1,none,
CIW80_14760,b3945,iML1515,automatic,3.1,none,
CIW80_18410,b0131,iML1515,automatic,3.1,none,
CIW80_18140,b0086,iML1515,automatic,3.1,none,
CIW80_18190,b0096,iML1515,automatic,3.1,none,
CIW80_18670,b0181,iML1515,automatic,3.1,none,
CIW80_03895,b2019,iML1515,automatic,3.1,none,
CIW80_03900,b2020,iML1515,automatic,3.1,none,
CIW80_03910,b2022,iML1515,automatic,3.1,none,
CIW80_24930,b1207,iML1515,automatic,3.1,none,
CIW80_03930,b2026,iML1515,automatic,3.1,none,
CIW80_03920,b2024,iML1515,automatic,3.1,none,
CIW80_12745,b3607,iML1515,automatic,3.1,none,
CIW80_05985,b2421,iML1515,automatic,3.1,none,
CIW80_05955,b2414,iML1515,automatic,3.1,none,
CIW80_16445,b4214,iML1515,automatic,3.1,none,
CIW80_07480,b2762,iML1515,automatic,3.1,none,
CIW80_15245,b4024,iML1515,automatic,3.1,none,
CIW80_17685,b0002,iML1515,automatic,3.1,none,
CIW80_14710,b3940,iML1515,automatic,3.1,none,
CIW80_11745,b3433,iML1515,automatic,3.1,none,
CIW80_07995,b2838,iML1515,automatic,3.1,none,
CIW80_08470,b2942,iML1515,automatic,3.1,none,
CIW80_16285,b4192,iML1515,automatic,3.1,none,
CIW80_03525,b1993,iML1515,automatic,3.1,none,
CIW80_03520,b1992,iML1515,automatic,3.1,none,
CIW80_20200,b0417,iML1515,automatic,3.1,none,
CIW80_10095,b3124,iML1515,automatic,3.1,none,
CIW80_20915,b0583,iML1515,automatic,3.1,none,
CIW80_20710,b0517,iML1515,automatic,3.1,none,
CIW80_20730,b0521,iML1515,automatic,3.1,none,
CIW80_10560,b3223,iML1515,automatic,3.1,none,
CIW80_06015,b2428,iML1515,automatic,3.1,none,
CIW80_21240,b0651,iML1515,automatic,3.1,none,
CIW80_04630,b2162,iML1515,automatic,3.1,none,
CIW80_20735,b0522,iML1515,automatic,3.1,none,
CIW80_01800,b1779,iML1515,automatic,3.1,none,
CIW80_05825,b2388,iML1515,automatic,3.1,none,
CIW80_03945,b2029,iML1515,automatic,3.1,none,
CIW80_19965,b0368,iML1515,automatic,3.1,none,
CIW80_06150,b2463,iML1515,automatic,3.1,none,
CIW80_14830,b3960,iML1515,automatic,3.1,none,
CIW80_17845,b0033,iML1515,automatic,3.1,none,
CIW80_17840,b0032,iML1515,automatic,3.1,none,
CIW80_19485,b0242,iML1515,automatic,3.1,none,
CIW80_18075,b0074,iML1515,automatic,3.1,none,
CIW80_24065,b1091,iML1515,automatic,3.1,none,
CIW80_14545,b3908,iML1515,automatic,3.1,none,
CIW80_01135,b1656,iML1515,automatic,3.1,none,
CIW80_18560,b0159,iML1515,automatic,3.1,none,
CIW80_24140,b1106,iML1515,automatic,3.1,none,
CIW80_01680,b1759,iML1515,automatic,3.1,none,
CIW80_05200,b2251,iML1515,automatic,3.1,none,
CIW80_22540,b0905,iML1515,automatic,3.1,none,
CIW80_10685,b3248,iML1515,automatic,3.1,none,
CIW80_20040,b0386,iML1515,automatic,3.1,none,
CIW80_06435,b2521,iML1515,automatic,3.1,none,
CIW80_06990,b2668,iML1515,automatic,3.1,none,
CIW80_11660,b3425,iML1515,automatic,3.1,none,
CIW80_04055,b2053,iML1515,automatic,3.1,none,
CIW80_04515,b2143,iML1515,automatic,3.1,none,
CIW80_21885,b0778,iML1515,automatic,3.1,none,
CIW80_04115,b2065,iML1515,automatic,3.1,none,
CIW80_06245,b2478,iML1515,automatic,3.1,none,
CIW80_19870,b0337,iML1515,automatic,3.1,none,
CIW80_13510,b3729,iML1515,automatic,3.1,none,
CIW80_07110,b2688,iML1515,automatic,3.1,none,
CIW80_20580,b0485,iML1515,automatic,3.1,none,
CIW80_00570,b1524,iML1515,automatic,3.1,none,
CIW80_05490,b2312,iML1515,automatic,3.1,none,
CIW80_18235,b0104,iML1515,automatic,3.1,none,
CIW80_01580,b1740,iML1515,automatic,3.1,none,
CIW80_11370,b3366,iML1515,automatic,3.1,none,
CIW80_11365,b3365,iML1515,automatic,3.1,none,
CIW80_16625,b0273,iML1515,automatic,3.1,none,
CIW80_16605,b4254,iML1515,manual,4.5,Added as argI in notebook 4.5,
CIW80_06300,b2500,iML1515,automatic,3.1,none,
CIW80_11830,b3449,iML1515,automatic,3.1,none,
CIW80_19845,b0331,iML1515,automatic,3.1,none,
CIW80_04995,b2210,iML1515,automatic,3.1,none,
CIW80_01610,b1746,iML1515,automatic,3.1,none,
CIW80_17955,b0052,iML1515,automatic,3.1,none,
CIW80_06640,b2564,iML1515,automatic,3.1,none,
CIW80_19970,b0369,iML1515,automatic,3.1,none,
CIW80_15095,b4005,iML1515,automatic,3.1,none,
CIW80_06590,b2557,iML1515,automatic,3.1,none,
CIW80_06075,b2440,iML1515,automatic,3.1,none,
CIW80_06080,b2441,iML1515,automatic,3.1,none,
CIW80_04035,b2049,iML1515,automatic,3.1,none,
CIW80_13900,b3806,iML1515,automatic,3.1,none,
CIW80_06500,b2533,iML1515,automatic,3.1,none,
CIW80_19850,b0333,iML1515,automatic,3.1,none,
CIW80_16125,b4161,iML1515,automatic,3.1,none,
CIW80_12660,b3590,iML1515,automatic,3.1,none,
CIW80_07320,b2727,iML1515,automatic,3.1,none,
CIW80_04700,b2173,iML1515,automatic,3.1,none,
CIW80_17400,b4352,iML1515,automatic,3.1,none,
CIW80_16190,b4173,iML1515,automatic,3.1,none,
CIW80_02180,b1852,iML1515,automatic,3.1,none,
CIW80_18435,b0134,iML1515,automatic,3.1,none,
CIW80_03940,b2028,iML1515,automatic,3.1,none,
CIW80_07615,b2788,iML1515,automatic,3.1,none,
CIW80_07610,b2787,iML1515,automatic,3.1,none,
CIW80_13815,b3791,iML1515,automatic,3.1,none,
CIW80_13795,b3787,iML1515,automatic,3.1,none,
CIW80_00015,b1415,iML1515,automatic,3.1,none,
CIW80_00425,b1493,iML1515,automatic,3.1,none,
CIW80_12250,b3517,iML1515,automatic,3.1,none,
CIW80_12475,b3551,iML1515,automatic,3.1,none,
CIW80_07450,b2750,iML1515,automatic,3.1,none,
CIW80_00945,b1622,iML1515,automatic,3.1,none,
CIW80_14705,b3939,iML1515,automatic,3.1,none,
CIW80_06955,b2661,iML1515,automatic,3.1,none,
CIW80_19480,b0241,iML1515,automatic,3.1,none,
CIW80_22660,b0929,iML1515,automatic,3.1,none,
CIW80_25725,b1377,iML1515,automatic,3.1,none,
CIW80_05020,b2215,iML1515,automatic,3.1,none,
CIW80_20170,b0411,iML1515,automatic,3.1,none,
CIW80_22770,b0957,iML1515,automatic,3.1,none,
CIW80_25560,b1319,iML1515,automatic,3.1,none,
CIW80_01380,b1701,iML1515,automatic,3.1,none,
CIW80_01920,b1805,iML1515,automatic,3.1,none,
CIW80_01080,b1646,iML1515,automatic,3.1,none,
CIW80_04970,b2206,iML1515,automatic,3.1,none,
CIW80_04955,b2203,iML1515,automatic,3.1,none,
CIW80_04960,b2204,iML1515,automatic,3.1,none,
CIW80_04965,b2205,iML1515,automatic,3.1,none,
CIW80_04950,b2202,iML1515,automatic,3.1,none,
CIW80_22895,b0980,iML1515,automatic,3.1,none,
CIW80_20025,b0383,iML1515,automatic,3.1,none,
CIW80_00315,b1465,iML1515,automatic,3.1,none,
CIW80_25040,b1226,iML1515,automatic,3.1,none,
CIW80_00320,b1466,iML1515,automatic,3.1,none,
CIW80_25030,b1224,iML1515,automatic,3.1,none,
CIW80_00330,b1468,iML1515,automatic,3.1,none,
CIW80_25045,b1227,iML1515,automatic,3.1,none,
CIW80_00325,b1467,iML1515,automatic,3.1,none,
CIW80_25035,b1225,iML1515,automatic,3.1,none,
CIW80_00840,b1602,iML1515,automatic,3.1,none,
CIW80_00845,b1603,iML1515,automatic,3.1,none,
CIW80_22950,b0997,iML1515,automatic,3.1,none,
CIW80_02580,b1873,iML1515,automatic,3.1,none,
CIW80_02575,b1872,iML1515,automatic,3.1,none,
CIW80_22945,b0996,iML1515,automatic,3.1,none,
CIW80_05640,b2342,iML1515,automatic,3.1,none,
CIW80_14205,b3845,iML1515,automatic,3.1,none,
CIW80_17595,b4388,iML1515,automatic,3.1,none,
CIW80_12315,b3528,iML1515,automatic,3.1,none,
CIW80_17725,b0010,iML1515,automatic,3.1,none,
CIW80_16010,b4138,iML1515,automatic,3.1,none,
CIW80_15915,b4123,iML1515,automatic,3.1,none,
CIW80_21115,b0621,iML1515,automatic,3.1,none,
CIW80_05970,b2417,iML1515,automatic,3.1,none,
CIW80_06020,b2429,iML1515,automatic,3.1,none,
CIW80_05990,b2422,iML1515,automatic,3.1,none,
CIW80_06005,b2425,iML1515,automatic,3.1,none,
CIW80_21805,b0763,iML1515,automatic,3.1,none,
CIW80_14590,b3917,iML1515,automatic,3.1,none,
CIW80_21810,b0764,iML1515,automatic,3.1,none,
CIW80_05995,b2423,iML1515,automatic,3.1,none,
CIW80_21815,b0765,iML1515,automatic,3.1,none,
CIW80_06000,b2424,iML1515,automatic,3.1,none,
CIW80_09795,b3063,iML1515,automatic,3.1,none,
CIW80_08300,b2913,iML1515,automatic,3.1,none,
CIW80_19960,b0367,iML1515,automatic,3.1,none,
CIW80_19950,b0365,iML1515,automatic,3.1,none,
CIW80_19955,b0366,iML1515,automatic,3.1,none,
CIW80_05845,b2393,iML1515,automatic,3.1,none,
CIW80_08585,b2964,iML1515,automatic,3.1,none,
CIW80_14225,b3849,iML1515,automatic,3.1,none,
CIW80_13600,b3747,iML1515,automatic,3.1,none,
CIW80_10960,b3290,iML1515,automatic,3.1,none,
CIW80_25450,b1291,iML1515,automatic,3.1,none,
CIW80_25190,b1250,iML1515,automatic,3.1,none,
CIW80_06765,b2587,iML1515,automatic,3.1,none,
CIW80_18045,b0068,iML1515,automatic,3.1,none,
CIW80_18040,b0067,iML1515,automatic,3.1,none,
CIW80_18035,b0066,iML1515,automatic,3.1,none,
CIW80_05910,b2406,iML1515,automatic,3.1,none,
CIW80_11890,b3460,iML1515,automatic,3.1,none,
CIW80_11865,b3456,iML1515,automatic,3.1,none,
CIW80_11860,b3455,iML1515,automatic,3.1,none,
CIW80_11855,b3454,iML1515,automatic,3.1,none,
CIW80_11870,b3457,iML1515,automatic,3.1,none,
CIW80_16560,b4240,iML1515,automatic,3.1,none,
CIW80_10270,b3161,iML1515,automatic,3.1,none,
CIW80_18275,b0112,iML1515,automatic,3.1,none,
CIW80_13415,b3709,iML1515,automatic,3.1,none,
CIW80_02750,b1907,iML1515,automatic,3.1,none,
CIW80_12550,b3566,iML1515,automatic,3.1,none,
CIW80_12555,b3567,iML1515,automatic,3.1,none,
CIW80_12560,b3568,iML1515,automatic,3.1,none,
CIW80_12615,b3578,iML1515,automatic,3.1,none,
CIW80_12620,b3579,iML1515,automatic,3.1,none,
CIW80_09950,b3089,iML1515,automatic,3.1,none,
CIW80_04570,b2153,iML1515,automatic,3.1,none,
CIW80_22690,b0935,iML1515,automatic,3.1,none,
CIW80_18530,b0153,iML1515,automatic,3.1,none,
CIW80_18525,b0152,iML1515,automatic,3.1,none,
CIW80_18520,b0151,iML1515,automatic,3.1,none,
CIW80_01435,b1711,iML1515,automatic,3.1,none,
CIW80_01425,b1709,iML1515,automatic,3.1,none,
CIW80_18555,b0158,iML1515,automatic,3.1,none,
CIW80_05070,b2223,iML1515,automatic,3.1,none,
CIW80_24115,b1101,iML1515,automatic,3.1,none,
CIW80_21370,b0679,iML1515,automatic,3.1,none,
CIW80_01995,b1818,iML1515,automatic,3.1,none,
CIW80_01990,b1817,iML1515,automatic,3.1,none,
CIW80_02000,b1819,iML1515,automatic,3.1,none,
CIW80_10565,b3224,iML1515,automatic,3.1,none,
CIW80_19740,b0311,iML1515,automatic,3.1,none,
CIW80_17560,b4381,iML1515,automatic,3.1,none,
CIW80_20960,b0590,iML1515,automatic,3.1,none,
CIW80_20950,b0588,iML1515,automatic,3.1,none,
CIW80_20970,b0592,iML1515,automatic,3.1,none,
CIW80_20955,b0589,iML1515,automatic,3.1,none,
CIW80_08010,b2841,iML1515,automatic,3.1,none,
CIW80_05470,b2308,iML1515,automatic,3.1,none,
CIW80_05480,b2310,iML1515,automatic,3.1,none,
CIW80_22320,b0862,iML1515,automatic,3.1,none,
CIW80_22325,b0863,iML1515,automatic,3.1,none,
CIW80_22330,b0864,iML1515,automatic,3.1,none,
CIW80_22310,b0860,iML1515,automatic,3.1,none,
CIW80_05460,b2306,iML1515,automatic,3.1,none,
CIW80_22315,b0861,iML1515,automatic,3.1,none,
CIW80_05465,b2307,iML1515,automatic,3.1,none,
CIW80_15875,b4115,iML1515,automatic,3.1,none,
CIW80_16290,b4193,iML1515,automatic,3.1,none,
CIW80_16295,b4194,iML1515,automatic,3.1,none,
CIW80_16300,b4195,iML1515,automatic,3.1,none,
CIW80_00220,b1453,iML1515,automatic,3.1,none,
CIW80_21250,b0653,iML1515,automatic,3.1,none,
CIW80_21260,b0655,iML1515,automatic,3.1,none,
CIW80_21255,b0654,iML1515,automatic,3.1,none,
CIW80_21245,b0652,iML1515,automatic,3.1,none,
CIW80_15645,b4077,iML1515,automatic,3.1,none,
CIW80_15490,b4055,iML1515,automatic,3.1,none,
CIW80_20545,b0480,iML1515,automatic,3.1,none,
CIW80_07620,b2789,iML1515,automatic,3.1,none,
CIW80_10110,b3127,iML1515,automatic,3.1,none,
CIW80_08475,b2943,iML1515,automatic,3.1,none,
CIW80_06965,b2663,iML1515,automatic,3.1,none,
CIW80_02800,b1917,iML1515,automatic,3.1,none,
CIW80_02815,b1920,iML1515,automatic,3.1,none,
CIW80_02805,b1918,iML1515,automatic,3.1,none,
CIW80_07185,b2703,iML1515,automatic,3.1,none,
CIW80_07180,b2702,iML1515,automatic,3.1,none,
CIW80_07190,b2704,iML1515,automatic,3.1,none,
CIW80_24880,b1197,iML1515,automatic,3.1,none,
CIW80_21645,b4515,iML1515,automatic,3.1,none,
CIW80_21635,b0733,iML1515,automatic,3.1,none,
CIW80_22880,b0978,iML1515,automatic,3.1,none,
CIW80_21640,b0734,iML1515,automatic,3.1,none,
CIW80_22885,b0979,iML1515,automatic,3.1,none,
CIW80_13560,b3739,iML1515,automatic,3.1,none,
CIW80_13520,b3731,iML1515,automatic,3.1,none,
CIW80_13545,b3736,iML1515,automatic,3.1,none,
CIW80_13525,b3732,iML1515,automatic,3.1,none,
CIW80_13555,b3738,iML1515,automatic,3.1,none,
CIW80_13530,b3733,iML1515,automatic,3.1,none,
CIW80_13550,b3737,iML1515,automatic,3.1,none,
CIW80_13540,b3735,iML1515,automatic,3.1,none,
CIW80_13535,b3734,iML1515,automatic,3.1,none,
CIW80_15580,b4067,iML1515,automatic,3.1,none,
CIW80_12975,b3654,iML1515,automatic,3.1,none,
CIW80_13440,b3714,iML1515,automatic,3.1,none,
CIW80_13185,b3664,iML1515,automatic,3.1,none,
CIW80_15730,b4088,iML1515,automatic,3.1,none,
CIW80_15725,b4087,iML1515,automatic,3.1,none,
CIW80_15720,b4086,iML1515,automatic,3.1,none,
CIW80_20680,b0511,iML1515,automatic,3.1,none,
CIW80_02700,b1900,iML1515,automatic,3.1,none,
CIW80_02695,b4460,iML1515,automatic,3.1,none,
CIW80_02705,b1901,iML1515,automatic,3.1,none,
CIW80_22190,b0837,iML1515,automatic,3.1,none,
CIW80_18375,b0124,iML1515,automatic,3.1,none,
CIW80_15555,b4064,iML1515,automatic,3.1,none,
CIW80_08140,b4464,iML1515,automatic,3.1,none,
CIW80_22860,b0974,iML1515,automatic,3.1,none,
CIW80_09385,b2997,iML1515,automatic,3.1,none,
CIW80_22855,b0973,iML1515,automatic,3.1,none,
CIW80_09375,b2995,iML1515,automatic,3.1,none,
CIW80_09370,b2994,iML1515,automatic,3.1,none,
CIW80_22850,b0972,iML1515,automatic,3.1,none,
CIW80_09380,b2996,iML1515,automatic,3.1,none,
CIW80_16760,b4287,iML1515,automatic,3.1,none,
CIW80_16770,b4289,iML1515,automatic,3.1,none,
CIW80_16765,b4288,iML1515,automatic,3.1,none,
CIW80_16775,b4290,iML1515,automatic,3.1,none,
CIW80_25200,b1252,iML1515,automatic,3.1,none,
CIW80_09425,b3006,iML1515,automatic,3.1,none,
CIW80_09420,b3005,iML1515,automatic,3.1,none,
CIW80_24120,b1102,iML1515,automatic,3.1,none,
CIW80_05505,b2315,iML1515,automatic,3.1,none,
CIW80_21070,b0612,iML1515,automatic,3.1,none,
CIW80_17885,b0040,iML1515,automatic,3.1,none,
CIW80_04440,b2130,iML1515,automatic,3.1,none,
CIW80_04445,b2131,iML1515,automatic,3.1,none,
CIW80_04430,b2128,iML1515,automatic,3.1,none,
CIW80_04435,b2129,iML1515,automatic,3.1,none,
CIW80_11580,b3409,iML1515,automatic,3.1,none,
CIW80_04670,b2169,iML1515,automatic,3.1,none,
CIW80_04660,b2167,iML1515,automatic,3.1,none,
CIW80_07685,b2801,iML1515,automatic,3.1,none,
CIW80_20920,b0584,iML1515,automatic,3.1,none,
CIW80_19865,b0336,iML1515,automatic,3.1,none,
CIW80_14555,b3909,iML1515,automatic,3.1,none,
CIW80_15320,b4036,iML1515,automatic,3.1,none,
CIW80_16780,b4291,iML1515,automatic,3.1,none,
CIW80_24210,b1119,iML1515,automatic,3.1,none,
CIW80_14025,b3829,iML1515,automatic,3.1,none,
CIW80_15170,b4019,iML1515,automatic,3.1,none,
CIW80_22455,b0886,iML1515,automatic,3.1,none,
CIW80_22460,b0887,iML1515,automatic,3.1,none,
CIW80_06235,b2476,iML1515,automatic,3.1,none,
CIW80_20675,b0509,iML1515,automatic,3.1,none,
CIW80_10100,b3125,iML1515,automatic,3.1,none,
CIW80_06305,b2501,iML1515,automatic,3.1,none,
CIW80_14740,b3941,iML1515,automatic,3.1,none,
CIW80_06695,b2574,iML1515,automatic,3.1,none,
CIW80_10355,b3177,iML1515,automatic,3.1,none,
CIW80_20780,b0529,iML1515,automatic,3.1,none,
CIW80_15970,b4132,iML1515,automatic,3.1,none,
CIW80_21725,b0750,iML1515,automatic,3.1,none,
CIW80_19675,b0306,iML1515,automatic,3.1,none,
CIW80_19680,b0307,iML1515,automatic,3.1,none,
CIW80_12735,b3605,iML1515,automatic,3.1,none,
CIW80_19685,b0308,iML1515,automatic,3.1,none,
CIW80_22535,b0904,iML1515,automatic,3.1,none,
CIW80_12855,b3631,iML1515,automatic,3.1,none,
CIW80_22585,b0914,iML1515,automatic,3.1,none,
CIW80_03055,b1967,iML1515,automatic,3.1,none,
CIW80_22680,b0933,iML1515,automatic,3.1,none,
CIW80_22685,b0934,iML1515,automatic,3.1,none,
CIW80_22695,b0936,iML1515,automatic,3.1,none,
CIW80_03935,b2027,iML1515,removed,3.1,Empty gene. Removed in 4.7,
CIW80_20420,b0459,iML1515,automatic,3.1,none,
CIW80_20925,b0585,iML1515,automatic,3.1,none,
CIW80_25595,b1326,iML1515,automatic,3.1,none,
CIW80_25590,b1325,iML1515,automatic,3.1,none,
CIW80_20965,b0591,iML1515,automatic,3.1,none,
CIW80_09625,b3035,iML1515,automatic,3.1,none,
CIW80_21470,b0692,iML1515,automatic,3.1,none,
CIW80_03860,b2014,iML1515,automatic,3.1,none,
CIW80_25505,b1308,iML1515,automatic,3.1,none,
CIW80_04925,b2197,iML1515,automatic,3.1,none,
CIW80_04930,b2198,iML1515,automatic,3.1,none,
CIW80_04945,b2201,iML1515,automatic,3.1,none,
CIW80_04940,b2200,iML1515,automatic,3.1,none,
CIW80_04935,b2199,iML1515,automatic,3.1,none,
CIW80_21125,b0622,iML1515,automatic,3.1,none,
CIW80_13785,b3785,iML1515,automatic,3.1,none,
CIW80_13830,b3793,iML1515,automatic,3.1,none,
CIW80_06565,b2552,iML1515,automatic,3.1,none,
CIW80_21760,b0756,iML1515,automatic,3.1,none,
CIW80_20575,b0484,iML1515,automatic,3.1,none,
CIW80_11935,b3469,iML1515,automatic,3.1,none,
CIW80_05230,b2257,iML1515,automatic,3.1,none,
CIW80_07225,b2711,iML1515,automatic,3.1,none,
CIW80_07220,b2710,iML1515,automatic,3.1,none,
CIW80_15850,b4111,iML1515,automatic,3.1,none,
CIW80_15610,b4071,iML1515,automatic,3.1,none,
CIW80_15620,b4073,iML1515,automatic,3.1,none,
CIW80_15615,b4072,iML1515,automatic,3.1,none,
CIW80_15605,b4070,iML1515,automatic,3.1,none,
CIW80_13275,b3679,iML1515,automatic,3.1,none,
CIW80_18265,b0110,iML1515,automatic,3.1,none,
CIW80_00305,b1463,iML1515,automatic,3.1,none,
CIW80_16465,b4219,iML1515,automatic,3.1,none,
CIW80_02080,b1832,iML1515,automatic,3.1,none,
CIW80_01795,b1778,iML1515,automatic,3.1,none,
CIW80_08075,b2871,iML1515,automatic,3.1,none,
CIW80_22675,b0932,iML1515,automatic,3.1,none,
CIW80_06450,b2523,iML1515,automatic,3.1,none,
CIW80_16655,b4260,iML1515,automatic,3.1,none,
CIW80_19460,b0237,iML1515,automatic,3.1,none,
CIW80_04450,b2132,iML1515,automatic,3.1,none,
CIW80_05140,b2239,iML1515,automatic,3.1,none,
CIW80_16170,b4169,iML1515,automatic,3.1,none,
CIW80_06050,b2435,iML1515,automatic,3.1,none,
CIW80_07890,b2817,iML1515,automatic,3.1,none,
CIW80_22345,b0867,iML1515,automatic,3.1,none,
CIW80_01125,b1654,iML1515,automatic,3.1,none,
CIW80_12760,b3610,iML1515,automatic,3.1,none,
CIW80_07035,b2675,iML1515,automatic,3.1,none,
CIW80_07040,b2676,iML1515,automatic,3.1,none,
CIW80_22250,b0849,iML1515,automatic,3.1,none,
CIW80_23930,b1064,iML1515,automatic,3.1,none,
CIW80_11200,b3336,iML1515,automatic,3.1,none,
CIW80_18370,b0123,iML1515,automatic,3.1,none,
CIW80_24820,b1192,iML1515,automatic,3.1,none,
CIW80_25290,b1270,iML1515,automatic,3.1,none,
CIW80_04735,b2180,iML1515,automatic,3.1,none,
CIW80_04730,b2179,iML1515,automatic,3.1,none,
CIW80_25165,b1246,iML1515,automatic,3.1,none,
CIW80_25150,b1243,iML1515,automatic,3.1,none,
CIW80_25155,b1244,iML1515,automatic,3.1,none,
CIW80_25170,b1247,iML1515,automatic,3.1,none,
CIW80_04720,b2177,iML1515,automatic,3.1,none,
CIW80_04725,b2178,iML1515,automatic,3.1,none,
CIW80_25615,b1329,iML1515,automatic,3.1,none,
CIW80_25160,b1245,iML1515,automatic,3.1,none,
CIW80_20280,b0433,iML1515,automatic,3.1,none,
CIW80_17480,b4367,iML1515,automatic,3.1,none,
CIW80_20860,b0574,iML1515,automatic,3.1,none,
CIW80_20855,b0573,iML1515,automatic,3.1,none,
CIW80_20865,b0575,iML1515,automatic,3.1,none,
CIW80_20850,b0572,iML1515,automatic,3.1,none,
CIW80_14580,b3915,iML1515,automatic,3.1,none,
CIW80_21735,b0752,iML1515,automatic,3.1,none,
CIW80_02210,b1858,iML1515,automatic,3.1,none,
CIW80_02215,b1859,iML1515,automatic,3.1,none,
CIW80_02205,b1857,iML1515,automatic,3.1,none,
CIW80_03325,b1981,iML1515,automatic,3.1,none,
CIW80_05840,b2392,iML1515,automatic,3.1,none,
CIW80_20385,b0452,iML1515,automatic,3.1,none,
CIW80_02855,b1927,iML1515,automatic,3.1,none,
CIW80_12575,b3571,iML1515,automatic,3.1,none,
CIW80_12955,b3650,iML1515,automatic,3.1,none,
CIW80_16440,b4213,iML1515,automatic,3.1,none,
CIW80_23905,b1059,iML1515,automatic,3.1,none,
CIW80_01515,b1727,iML1515,automatic,3.1,none,
CIW80_12625,b3580,iML1515,automatic,3.1,none,
CIW80_04045,b2051,iML1515,automatic,3.1,none,
CIW80_10835,b3266,iML1515,automatic,3.1,none,
CIW80_10830,b3265,iML1515,automatic,3.1,none,
CIW80_14540,b3907,iML1515,automatic,3.1,none,
CIW80_16570,b4242,iML1515,automatic,3.1,none,
CIW80_11985,b3479,iML1515,automatic,3.1,none,
CIW80_11975,b3477,iML1515,automatic,3.1,none,
CIW80_11970,b3476,iML1515,automatic,3.1,none,
CIW80_11990,b3480,iML1515,automatic,3.1,none,
CIW80_11980,b3478,iML1515,automatic,3.1,none,
CIW80_15765,b4094,iML1515,automatic,3.1,none,
CIW80_21495,b0696,iML1515,automatic,3.1,none,
CIW80_21505,b0698,iML1515,automatic,3.1,none,
CIW80_21500,b0697,iML1515,automatic,3.1,none,
CIW80_11875,b3458,iML1515,automatic,3.1,none,
CIW80_09235,b2975,iML1515,automatic,3.1,none,
CIW80_12725,b3603,iML1515,automatic,3.1,none,
CIW80_15305,b4034,iML1515,automatic,3.1,none,
CIW80_15315,b4035,iML1515,automatic,3.1,none,
CIW80_15295,b4032,iML1515,automatic,3.1,none,
CIW80_15300,b4033,iML1515,automatic,3.1,none,
CIW80_13195,b3666,iML1515,automatic,3.1,none,
CIW80_19880,b0343,iML1515,automatic,3.1,none,
CIW80_18765,b0197,iML1515,automatic,3.1,none,
CIW80_18775,b0199,iML1515,automatic,3.1,none,
CIW80_18770,b0198,iML1515,automatic,3.1,none,
CIW80_08415,b2933,iML1515,automatic,3.1,none,
CIW80_12685,b3599,iML1515,automatic,3.1,none,
CIW80_08420,b2934,iML1515,automatic,3.1,none,
CIW80_24790,b1186,iML1515,automatic,3.1,none,
CIW80_17775,b0019,iML1515,automatic,3.1,none,
CIW80_20380,b0451,iML1515,automatic,3.1,none,
CIW80_21730,b0751,iML1515,automatic,3.1,none,
CIW80_25025,b1223,iML1515,automatic,3.1,none,
CIW80_11375,b3367,iML1515,automatic,3.1,none,
CIW80_00335,b1469,iML1515,automatic,3.1,none,
CIW80_13495,b3726,iML1515,automatic,3.1,none,
CIW80_13505,b3728,iML1515,automatic,3.1,none,
CIW80_13500,b3727,iML1515,automatic,3.1,none,
CIW80_13490,b3725,iML1515,automatic,3.1,none,
CIW80_10790,b3258,iML1515,automatic,3.1,none,
CIW80_07060,b2679,iML1515,automatic,3.1,none,
CIW80_07050,b2677,iML1515,automatic,3.1,none,
CIW80_07055,b2678,iML1515,automatic,3.1,none,
CIW80_20125,b0402,iML1515,automatic,3.1,none,
CIW80_23050,b1015,iML1515,automatic,3.1,none,
CIW80_22285,b0855,iML1515,automatic,3.1,none,
CIW80_24230,b1123,iML1515,automatic,3.1,none,
CIW80_22290,b0856,iML1515,automatic,3.1,none,
CIW80_24245,b1126,iML1515,automatic,3.1,none,
CIW80_22280,b0854,iML1515,automatic,3.1,none,
CIW80_00135,b1441,iML1515,automatic,3.1,none,
CIW80_22295,b0857,iML1515,automatic,3.1,none,
CIW80_00145,b1443,iML1515,automatic,3.1,none,
CIW80_24235,b1124,iML1515,automatic,3.1,none,
CIW80_24240,b1125,iML1515,automatic,3.1,none,
CIW80_00130,b1440,iML1515,automatic,3.1,none,
CIW80_00140,b1442,iML1515,automatic,3.1,none,
CIW80_08545,b2957,iML1515,automatic,3.1,none,
CIW80_18515,b0150,iML1515,automatic,3.1,none,
CIW80_02250,b1865,iML1515,automatic,3.1,none,
CIW80_08530,b2954,iML1515,automatic,3.1,none,
CIW80_22970,b1002,iML1515,automatic,3.1,none,
CIW80_08450,b2938,iML1515,automatic,3.1,none,
CIW80_15745,b4090,iML1515,automatic,3.1,none,
CIW80_15710,b4084,iML1515,automatic,3.1,none,
CIW80_15715,b4085,iML1515,automatic,3.1,none,
CIW80_13605,b3748,iML1515,automatic,3.1,none,
CIW80_13620,b3751,iML1515,automatic,3.1,none,
CIW80_13615,b3750,iML1515,automatic,3.1,none,
CIW80_16510,b4230,iML1515,automatic,3.1,none,
CIW80_16500,b4227,iML1515,automatic,3.1,none,
CIW80_16515,b4231,iML1515,automatic,3.1,none,
CIW80_13610,b3749,iML1515,automatic,3.1,none,
CIW80_16505,b4485,iML1515,automatic,3.1,none,
CIW80_22045,b0810,iML1515,automatic,3.1,none,
CIW80_22040,b0809,iML1515,automatic,3.1,none,
CIW80_22050,b0811,iML1515,automatic,3.1,none,
CIW80_00420,b1492,iML1515,automatic,3.1,none,
CIW80_12970,b3653,iML1515,automatic,3.1,none,
CIW80_14645,b3927,iML1515,automatic,3.1,none,
CIW80_14825,b3959,iML1515,automatic,3.1,none,
CIW80_04680,b2170,iML1515,automatic,3.1,none,
CIW80_00590,b1528,iML1515,automatic,3.1,none,
CIW80_05450,b2303,iML1515,automatic,3.1,none,
CIW80_09560,b3028,iML1515,automatic,3.1,none,
CIW80_11740,b3432,iML1515,automatic,3.1,none,
CIW80_12120,b3503,iML1515,automatic,3.1,none,
CIW80_17240,b4321,iML1515,automatic,3.1,none,
CIW80_13820,b3792,iML1515,automatic,3.1,none,
CIW80_04710,b2175,iML1515,automatic,3.1,none,
CIW80_19915,b0356,iML1515,automatic,3.1,none,
CIW80_05145,b2240,iML1515,automatic,3.1,none,
CIW80_22390,b0875,iML1515,automatic,3.1,none,
CIW80_05475,b2309,iML1515,automatic,3.1,none,
CIW80_19820,b0325,iML1515,automatic,3.1,none,
CIW80_04240,b2092,iML1515,automatic,3.1,none,
CIW80_04245,b2093,iML1515,automatic,3.1,none,
CIW80_04250,b2094,iML1515,automatic,3.1,none,
CIW80_09970,b3093,iML1515,automatic,3.1,none,
CIW80_11615,b3415,iML1515,automatic,3.1,none,
CIW80_11765,b4476,iML1515,automatic,3.1,none,
CIW80_00940,b1621,iML1515,automatic,3.1,none,
CIW80_03905,b2021,iML1515,automatic,3.1,none,
CIW80_18590,b0166,iML1515,automatic,3.1,none,
CIW80_00530,b1519,iML1515,automatic,3.1,none,
CIW80_11770,b3437,iML1515,automatic,3.1,none,
CIW80_13890,b3805,iML1515,automatic,3.1,none,
CIW80_14525,b3904,iML1515,automatic,3.1,none,
CIW80_07295,b2723,iML1515,automatic,3.1,none,
CIW80_07300,b2724,iML1515,automatic,3.1,none,
CIW80_07285,b2721,iML1515,automatic,3.1,none,
CIW80_07275,b2719,iML1515,automatic,3.1,none,
CIW80_15680,b4079,iML1515,automatic,3.1,none,
CIW80_07290,b2722,iML1515,automatic,3.1,none,
CIW80_07280,b2720,iML1515,automatic,3.1,none,
CIW80_07435,b2747,iML1515,automatic,3.1,none,
CIW80_10545,b3213,iML1515,automatic,3.1,none,
CIW80_01690,b1761,iML1515,automatic,3.1,none,
CIW80_10540,b3212,iML1515,automatic,3.1,none,
CIW80_18695,b0186,iML1515,automatic,3.1,none,
CIW80_15965,b4131,iML1515,automatic,3.1,none,
CIW80_24805,b1189,iML1515,automatic,3.1,none,
CIW80_08160,b2888,iML1515,automatic,3.1,none,
CIW80_08130,b2882,iML1515,automatic,3.1,none,
CIW80_11850,b3453,iML1515,automatic,3.1,none,
CIW80_11835,b3450,iML1515,automatic,3.1,none,
CIW80_11840,b3451,iML1515,automatic,3.1,none,
CIW80_11845,b3452,iML1515,automatic,3.1,none,
CIW80_06515,b2536,iML1515,automatic,3.1,none,
CIW80_18840,b0212,iML1515,automatic,3.1,none,
CIW80_13750,b3779,iML1515,automatic,3.1,none,
CIW80_08060,b2868,iML1515,automatic,3.1,none,
CIW80_08055,b2867,iML1515,automatic,3.1,none,
CIW80_08050,b2866,iML1515,automatic,3.1,none,
CIW80_17165,b4311,iML1515,automatic,3.1,none,
CIW80_03515,b1991,iML1515,automatic,3.1,none,
CIW80_00150,b1444,iML1515,automatic,3.1,none,
CIW80_08360,b2927,iML1515,automatic,3.1,none,
CIW80_03915,b2023,iML1515,automatic,3.1,none,
CIW80_03925,b2025,iML1515,automatic,3.1,none,
CIW80_12900,b3640,iML1515,automatic,3.1,none,
CIW80_20240,b0425,iML1515,automatic,3.1,none,
CIW80_13725,b3772,iML1515,automatic,3.1,none,
CIW80_22670,b0931,iML1515,automatic,3.1,none,
CIW80_01715,b1764,iML1515,automatic,3.1,none,
CIW80_04550,b2150,iML1515,automatic,3.1,none,
CIW80_04545,b2149,iML1515,automatic,3.1,none,
CIW80_04540,b2148,iML1515,automatic,3.1,none,
CIW80_01050,b1640,iML1515,automatic,3.1,none,
CIW80_17925,b0048,iML1515,automatic,3.1,none,
CIW80_00865,b1606,iML1515,automatic,3.1,none,
CIW80_11460,b3390,iML1515,automatic,3.1,none,
CIW80_20050,b0388,iML1515,automatic,3.1,none,
CIW80_01605,b1745,iML1515,automatic,3.1,none,
CIW80_18320,b0114,iML1515,automatic,3.1,none,
CIW80_18325,b0115,iML1515,automatic,3.1,none,
CIW80_10115,b3128,iML1515,automatic,3.1,none,
CIW80_05220,b2255,iML1515,automatic,3.1,none,
CIW80_21865,b0774,iML1515,automatic,3.1,none,
CIW80_00860,b1605,iML1515,automatic,3.1,none,
CIW80_07895,b2818,iML1515,automatic,3.1,none,
CIW80_00405,b1489,iML1515,automatic,3.1,none,
CIW80_09610,b3032,iML1515,automatic,3.1,none,
CIW80_19855,b0334,iML1515,automatic,3.1,none,
CIW80_18170,b0092,iML1515,automatic,3.1,none,
CIW80_20015,b0381,iML1515,automatic,3.1,none,
CIW80_01565,b1738,iML1515,automatic,3.1,none,
CIW80_01555,b1736,iML1515,automatic,3.1,none,
CIW80_01560,b1737,iML1515,automatic,3.1,none,
CIW80_05075,b2224,iML1515,automatic,3.1,none,
CIW80_24985,b1216,iML1515,automatic,3.1,none,
CIW80_22215,b0842,iML1515,automatic,3.1,none,
CIW80_11280,b3350,iML1515,automatic,3.1,none,
CIW80_17920,b0047,iML1515,automatic,3.1,none,
CIW80_21615,b0728,iML1515,automatic,3.1,none,
CIW80_21620,b0729,iML1515,automatic,3.1,none,
CIW80_21765,b0757,iML1515,automatic,3.1,none,
CIW80_18430,b0133,iML1515,automatic,3.1,none,
CIW80_04645,b2165,iML1515,automatic,3.1,none,
CIW80_11455,b3389,iML1515,automatic,3.1,none,
CIW80_05715,b2366,iML1515,automatic,3.1,none,
CIW80_01495,b1723,iML1515,automatic,3.1,none,
CIW80_21755,b0755,iML1515,automatic,3.1,none,
CIW80_12775,b3612,iML1515,automatic,3.1,none,
CIW80_14600,b3919,iML1515,automatic,3.1,none,
CIW80_08305,b2914,iML1515,automatic,3.1,none,
CIW80_05530,b2320,iML1515,automatic,3.1,none,
CIW80_24145,b1107,iML1515,automatic,3.1,none,
CIW80_00685,b1539,iML1515,automatic,3.1,none,
CIW80_13995,b3823,iML1515,automatic,3.1,none,
CIW80_22070,b0813,iML1515,automatic,3.1,none,
CIW80_14335,b3870,iML1515,automatic,3.1,none,
CIW80_08495,b2947,iML1515,automatic,3.1,none,
CIW80_05210,b2253,iML1515,automatic,3.1,none,
CIW80_05215,b2254,iML1515,automatic,3.1,none,
CIW80_05225,b2256,iML1515,automatic,3.1,none,
CIW80_05240,b2258,iML1515,automatic,3.1,none,
CIW80_05235,b4544,iML1515,automatic,3.1,none,
CIW80_12815,b3621,iML1515,automatic,3.1,none,
CIW80_01810,b1781,iML1515,automatic,3.1,none,
CIW80_09405,b3001,iML1515,automatic,3.1,none,
CIW80_12810,b3620,iML1515,automatic,3.1,none,
CIW80_14230,b3850,iML1515,automatic,3.1,none,
CIW80_12850,b3630,iML1515,automatic,3.1,none,
CIW80_07730,b2810,iML1515,automatic,3.1,none,
CIW80_01265,b1680,iML1515,automatic,3.1,none,
CIW80_14315,b3867,iML1515,automatic,3.1,none,
CIW80_14000,b3824,iML1515,automatic,3.1,none,
CIW80_04455,b2133,iML1515,automatic,3.1,none,
CIW80_05250,b2260,iML1515,automatic,3.1,none,
CIW80_02810,b1919,iML1515,automatic,3.1,none,
CIW80_06715,b2578,iML1515,automatic,3.1,none,
CIW80_00645,b1533,iML1515,automatic,3.1,none,
CIW80_17630,b4394,iML1515,automatic,3.1,none,
CIW80_06295,b2499,iML1515,automatic,3.1,none,
CIW80_14005,b3825,iML1515,automatic,3.1,none,
CIW80_07980,b2835,iML1515,automatic,3.1,none,
CIW80_09565,b3029,iML1515,automatic,3.1,none,
CIW80_08170,b2889,iML1515,automatic,3.1,none,
CIW80_13985,b3821,iML1515,automatic,3.1,none,
CIW80_04530,b2146,iML1515,automatic,3.1,none,
CIW80_04535,b2147,iML1515,automatic,3.1,none,
CIW80_13320,b4478,iML1515,automatic,3.1,none,
CIW80_25745,b1380,iML1515,automatic,3.1,none,
CIW80_08590,b2965,iML1515,automatic,3.1,none,
CIW80_21475,b0693,iML1515,automatic,3.1,none,
CIW80_22755,b0954,iML1515,automatic,3.1,none,
CIW80_25415,b1288,iML1515,automatic,3.1,none,
CIW80_18640,b0175,iML1515,automatic,3.1,none,
CIW80_14595,b3918,iML1515,automatic,3.1,none,
CIW80_02775,b1912,iML1515,automatic,3.1,none,
CIW80_06755,b2585,iML1515,automatic,3.1,none,
CIW80_24075,b1093,iML1515,automatic,3.1,none,
CIW80_01170,b1661,iML1515,automatic,3.1,none,
CIW80_22995,b1006,iML1515,automatic,3.1,none,
CIW80_06280,b2497,iML1515,automatic,3.1,none,
CIW80_12410,b3541,iML1515,automatic,3.1,none,
CIW80_12420,b3543,iML1515,automatic,3.1,none,
CIW80_12405,b3540,iML1515,automatic,3.1,none,
CIW80_12430,b3544,iML1515,automatic,3.1,none,
CIW80_12415,b3542,iML1515,automatic,3.1,none,
CIW80_22165,b0832,iML1515,automatic,3.1,none,
CIW80_22160,b0831,iML1515,automatic,3.1,none,
CIW80_22150,b0829,iML1515,automatic,3.1,none,
CIW80_22155,b0830,iML1515,automatic,3.1,none,
CIW80_21940,b0789,iML1515,automatic,3.1,none,
CIW80_25180,b1249,iML1515,automatic,3.1,none,
CIW80_21275,b0657,iML1515,automatic,3.1,none,
CIW80_01250,b1677,iML1515,automatic,3.1,none,
CIW80_20205,b0418,iML1515,automatic,3.1,none,
CIW80_20670,b0508,iML1515,automatic,3.1,none,
CIW80_21075,b0613,iML1515,automatic,3.1,none,
CIW80_22020,b0805,iML1515,automatic,3.1,none,
CIW80_04590,b2155,iML1515,automatic,3.1,none,
CIW80_20870,b0576,iML1515,automatic,3.1,none,
CIW80_20980,b0594,iML1515,automatic,3.1,none,
CIW80_19985,b0376,iML1515,automatic,3.1,none,
CIW80_21180,b0632,iML1515,automatic,3.1,none,
CIW80_22200,b0839,iML1515,automatic,3.1,none,
CIW80_03850,b2010,iML1515,automatic,3.1,none,
CIW80_10380,b3182,iML1515,automatic,3.1,none,
CIW80_14155,b3833,iML1515,automatic,3.1,none,
CIW80_20695,b0514,iML1515,automatic,3.1,none,
CIW80_18155,b0089,iML1515,automatic,3.1,none,
CIW80_11490,b3396,iML1515,automatic,3.1,none,
CIW80_06425,b2519,iML1515,automatic,3.1,none,
CIW80_23955,b1069,iML1515,automatic,3.1,none,
CIW80_10510,b3208,iML1515,automatic,3.1,none,
CIW80_18510,b0149,iML1515,automatic,3.1,none,
CIW80_21195,b0635,iML1515,automatic,3.1,none,
CIW80_18130,b0084,iML1515,automatic,3.1,none,
CIW80_22640,b0925,iML1515,automatic,3.1,none,
CIW80_01255,b1678,iML1515,automatic,3.1,none,
CIW80_19910,b0355,iML1515,automatic,3.1,none,
CIW80_04585,b2154,iML1515,automatic,3.1,none,
CIW80_08190,b2893,iML1515,automatic,3.1,none,
CIW80_21035,b0604,iML1515,automatic,3.1,none,
CIW80_14660,b3930,iML1515,automatic,3.1,none,
CIW80_15035,b3994,iML1515,automatic,3.1,none,
CIW80_01430,b1710,iML1515,automatic,3.1,none,
CIW80_06255,b2480,iML1515,automatic,3.1,none,
CIW80_20260,b0429,iML1515,automatic,3.1,none,
CIW80_20275,b0432,iML1515,automatic,3.1,none,
CIW80_20270,b0431,iML1515,automatic,3.1,none,
CIW80_20265,b0430,iML1515,automatic,3.1,none,
CIW80_15345,b4041,iML1515,automatic,3.1,none,
CIW80_18665,b0180,iML1515,automatic,3.1,none,
CIW80_05950,b2413,iML1515,automatic,3.1,none,
CIW80_09515,b3018,iML1515,automatic,3.1,none,
CIW80_15350,b4042,iML1515,automatic,3.1,none,
CIW80_16120,b4160,iML1515,automatic,3.1,none,
CIW80_21595,b0723,iML1515,automatic,3.1,none,
CIW80_21590,b0722,iML1515,automatic,3.1,none,
CIW80_21600,b0724,iML1515,automatic,3.1,none,
CIW80_21585,b0721,iML1515,automatic,3.1,none,
CIW80_20630,b0494,iML1515,automatic,3.1,none,
CIW80_25345,b1276,iML1515,automatic,3.1,none,
CIW80_18345,b0118,iML1515,automatic,3.1,none,
CIW80_11820,b3447,iML1515,automatic,3.1,none,
CIW80_03510,b1990,iML1515,automatic,3.1,none,
CIW80_24180,b1113,iML1515,automatic,3.1,none,
CIW80_22105,b0819,iML1515,automatic,3.1,none,
CIW80_07745,b2813,iML1515,automatic,3.1,none,
CIW80_18835,b0211,iML1515,automatic,3.1,none,
CIW80_24095,b1097,iML1515,automatic,3.1,none,
CIW80_24830,b1193,iML1515,automatic,3.1,none,
CIW80_07175,b2701,iML1515,automatic,3.1,none,
CIW80_17620,b4392,iML1515,automatic,3.1,none,
CIW80_08580,b2963,iML1515,automatic,3.1,none,
CIW80_06600,b2558,iML1515,automatic,3.1,none,
CIW80_12445,b3546,iML1515,automatic,3.1,none,
CIW80_01130,b1655,iML1515,automatic,3.1,none,
CIW80_05570,b2328,iML1515,automatic,3.1,none,
CIW80_04460,b2134,iML1515,automatic,3.1,none,
CIW80_02200,b1856,iML1515,automatic,3.1,none,
CIW80_24785,b1185,iML1515,automatic,3.1,none,
CIW80_14275,b3860,iML1515,automatic,3.1,none,
CIW80_16000,b4136,iML1515,automatic,3.1,none,
CIW80_21045,b0606,iML1515,automatic,3.1,none,
CIW80_21040,b0605,iML1515,automatic,3.1,none,
CIW80_19405,b0221,iML1515,automatic,3.1,none,
CIW80_05355,b2285,iML1515,automatic,3.1,none,
CIW80_05360,b2286,iML1515,automatic,3.1,none,
CIW80_05370,b2288,iML1515,automatic,3.1,none,
CIW80_05345,b2283,iML1515,automatic,3.1,none,
CIW80_05325,b2279,iML1515,automatic,3.1,none,
CIW80_05320,b2278,iML1515,automatic,3.1,none,
CIW80_05310,b2276,iML1515,automatic,3.1,none,
CIW80_05350,b2284,iML1515,automatic,3.1,none,
CIW80_05340,b2282,iML1515,automatic,3.1,none,
CIW80_05335,b2281,iML1515,automatic,3.1,none,
CIW80_05315,b2277,iML1515,automatic,3.1,none,
CIW80_05365,b2287,iML1515,automatic,3.1,none,
CIW80_05330,b2280,iML1515,automatic,3.1,none,
CIW80_16415,b4208,iML1515,automatic,3.1,none,
CIW80_17710,b0007,iML1515,automatic,3.1,none,
CIW80_22380,b0874,iML1515,automatic,3.1,none,
CIW80_08340,b2923,iML1515,automatic,3.1,none,
CIW80_17870,b0037,iML1515,automatic,3.1,none,
CIW80_01545,b1734,iML1515,automatic,3.1,none,
CIW80_06180,b2467,iML1515,automatic,3.1,none,
CIW80_20135,b0404,iML1515,automatic,3.1,none,
CIW80_19760,b0314,iML1515,automatic,3.1,none,
CIW80_13960,b3816,iML1515,automatic,3.1,none,
CIW80_09665,b3040,iML1515,automatic,3.1,none,
CIW80_05750,b2373,iML1515,automatic,3.1,none,
CIW80_16525,b4233,iML1515,automatic,3.1,none,
CIW80_10450,b3196,iML1515,automatic,3.1,none,
CIW80_13315,b3691,iML1515,automatic,3.1,none,
CIW80_08020,b2843,iML1515,automatic,3.1,none,
CIW80_04600,b2156,iML1515,automatic,3.1,none,
CIW80_15960,b4130,iML1515,automatic,3.1,none,
CIW80_17425,b4356,iML1515,automatic,3.1,none,
CIW80_17435,b4358,iML1515,automatic,3.1,none,
CIW80_11735,b3431,iML1515,automatic,3.1,none,
CIW80_18540,b0155,iML1515,automatic,3.1,none,
CIW80_21445,b0684,iML1515,automatic,3.1,none,
CIW80_25730,b1378,iML1515,automatic,3.1,none,
CIW80_08200,b2895,iML1515,automatic,3.1,none,
CIW80_21880,b0777,iML1515,automatic,3.1,none,
CIW80_21225,b0641,iML1515,automatic,3.1,none,
CIW80_10475,b3201,iML1515,automatic,3.1,none,
CIW80_10470,b3200,iML1515,automatic,3.1,none,
CIW80_16660,b4261,iML1515,automatic,3.1,none,
CIW80_16665,b4262,iML1515,automatic,3.1,none,
CIW80_10465,b3199,iML1515,automatic,3.1,none,
CIW80_17965,b0054,iML1515,automatic,3.1,none,
CIW80_23100,b1025,iML1515,automatic,3.1,none,
CIW80_00660,b1535,iML1515,automatic,3.1,none,
CIW80_01875,b1794,iML1515,automatic,3.1,none,
CIW80_25675,b1341,iML1515,automatic,3.1,none,
CIW80_06315,b2503,iML1515,automatic,3.1,none,
CIW80_19770,b0315,iML1515,automatic,3.1,none,
CIW80_25395,b1285,iML1515,automatic,3.1,none,
CIW80_12290,b3525,iML1515,automatic,3.1,none,
CIW80_17720,b0009,iML1515,automatic,3.1,none,
CIW80_21915,b0784,iML1515,automatic,3.1,none,
CIW80_06485,b2530,iML1515,automatic,3.1,none,
CIW80_06195,b2470,iML1515,automatic,3.1,none,
CIW80_20440,b0463,iML1515,automatic,3.1,none,
CIW80_20435,b0462,iML1515,automatic,3.1,none,
CIW80_24060,b1090,iML1515,automatic,3.1,none,
CIW80_09770,b3059,iML1515,automatic,3.1,none,
CIW80_06480,b2529,iML1515,automatic,3.1,none,
CIW80_01280,b1683,iML1515,automatic,3.1,none,
CIW80_01285,b1684,iML1515,automatic,3.1,none,
CIW80_01275,b1682,iML1515,automatic,3.1,none,
CIW80_01270,b1681,iML1515,automatic,3.1,none,
CIW80_22140,b0827,iML1515,automatic,3.1,none,
CIW80_14255,b3856,iML1515,automatic,3.1,none,
CIW80_14260,b3857,iML1515,automatic,3.1,none,
CIW80_09765,b3058,iML1515,automatic,3.1,none,
CIW80_01020,b1634,iML1515,automatic,3.1,none,
CIW80_12085,b3496,iML1515,automatic,3.1,none,
CIW80_21530,b0709,iML1515,automatic,3.1,none,
CIW80_06475,b2528,iML1515,automatic,3.1,none,
CIW80_01260,b1679,iML1515,automatic,3.1,none,
CIW80_21870,b0775,iML1515,automatic,3.1,none,
CIW80_23010,b1009,iML1515,automatic,3.1,none,
CIW80_20345,b0444,iML1515,automatic,3.1,none,
CIW80_07650,b2794,iML1515,automatic,3.1,none,
CIW80_23005,b1008,iML1515,automatic,3.1,none,
CIW80_07495,b2765,iML1515,automatic,3.1,none,
CIW80_05265,b2263,iML1515,automatic,3.1,none,
CIW80_23020,b1011,iML1515,automatic,3.1,none,
CIW80_23015,b1010,iML1515,automatic,3.1,none,
CIW80_22830,b0968,iML1515,automatic,3.1,none,
CIW80_05270,b2264,iML1515,automatic,3.1,none,
CIW80_05260,b2262,iML1515,automatic,3.1,none,
CIW80_01295,b1686,iML1515,automatic,3.1,none,
CIW80_15015,b3991,iML1515,automatic,3.1,none,
CIW80_15025,b3992,iML1515,automatic,3.1,none,
CIW80_20230,b0423,iML1515,automatic,3.1,none,
CIW80_15010,b3990,iML1515,automatic,3.1,none,
CIW80_15020,b4407,iML1515,automatic,3.1,none,
CIW80_08105,b2877,iML1515,automatic,3.1,none,
CIW80_05755,b2374,iML1515,automatic,3.1,none,
CIW80_23000,b1007,iML1515,automatic,3.1,none,
CIW80_23025,b1012,iML1515,automatic,3.1,none,
CIW80_21920,b0785,iML1515,automatic,3.1,none,
CIW80_14480,b3893,iML1515,automatic,3.1,none,
CIW80_00350,b1474,iML1515,automatic,3.1,none,
CIW80_14485,b3894,iML1515,automatic,3.1,none,
CIW80_00355,b1475,iML1515,automatic,3.1,none,
CIW80_14475,b3892,iML1515,automatic,3.1,none,
CIW80_00360,b1476,iML1515,automatic,3.1,none,
CIW80_21875,b0776,iML1515,automatic,3.1,none,
CIW80_11600,b3412,iML1515,automatic,3.1,none,
CIW80_06405,b2515,iML1515,automatic,3.1,none,
CIW80_16550,b4238,iML1515,automatic,3.1,none,
CIW80_16545,b4237,iML1515,automatic,3.1,none,
CIW80_14630,b3924,iML1515,automatic,3.1,none,
CIW80_16420,b4209,iML1515,automatic,3.1,none,
CIW80_08285,b2912,iML1515,automatic,3.1,none,
CIW80_04705,b2174,iML1515,automatic,3.1,none,
CIW80_22135,b0826,iML1515,automatic,3.1,none,
CIW80_21900,b0781,iML1515,automatic,3.1,none,
CIW80_21910,b0783,iML1515,automatic,3.1,none,
CIW80_21170,b0630,iML1515,automatic,3.1,none,
CIW80_21150,b0628,iML1515,automatic,3.1,none,
CIW80_17585,b4386,iML1515,automatic,3.1,none,
CIW80_08325,b2917,iML1515,automatic,3.1,none,
CIW80_12580,b3572,iML1515,automatic,3.1,none,
CIW80_15955,b4129,iML1515,automatic,3.1,none,
CIW80_13475,b3722,iML1515,automatic,3.1,none,
CIW80_21425,b0681,iML1515,automatic,3.1,none,
CIW80_00340,b1473,iML1515,automatic,3.1,none,
CIW80_00825,b1600,iML1515,automatic,3.1,none,
CIW80_00820,b1599,iML1515,automatic,3.1,none,
CIW80_06950,b2660,iML1515,automatic,3.1,none,
CIW80_16160,b4167,iML1515,automatic,3.1,none,
CIW80_07000,b2670,iML1515,automatic,3.1,none,
CIW80_09840,b3070,iML1515,automatic,3.1,none,
CIW80_17055,b4297,iML1515,automatic,3.1,none,
CIW80_17060,b4298,iML1515,automatic,3.1,none,
CIW80_13445,b3715,iML1515,automatic,3.1,none,
CIW80_20705,b0516,iML1515,automatic,3.1,none,
CIW80_20700,b0515,iML1515,automatic,3.1,none,
CIW80_00920,b1617,iML1515,automatic,3.1,none,
CIW80_01345,b1695,iML1515,automatic,3.1,none,
CIW80_01760,b1771,iML1515,automatic,3.1,none,
CIW80_08255,b2907,iML1515,automatic,3.1,none,
CIW80_02910,b0543,iML1515,automatic,3.1,none,
CIW80_00835,b1601,iML1515,automatic,3.1,none,
CIW80_21135,b0624,iML1515,automatic,3.1,none,
CIW80_05740,b2371,iML1515,automatic,3.1,none,
CIW80_09345,b2989,iML1515,automatic,3.1,none,
CIW80_05445,b2302,iML1515,automatic,3.1,none,
CIW80_00930,b1619,iML1515,automatic,3.1,none,
CIW80_17340,b4337,iML1515,automatic,3.1,none,
CIW80_08085,b2873,iML1515,automatic,3.1,none,
CIW80_00090,b1430,iML1515,automatic,3.1,none,
CIW80_14750,b3943,iML1515,automatic,3.1,none,
CIW80_20880,b0578,iML1515,automatic,3.1,none,
CIW80_10720,b3253,iML1515,automatic,3.1,none,
CIW80_23085,b1022,iML1515,automatic,3.1,none,
CIW80_23080,b1021,iML1515,automatic,3.1,none,
CIW80_01540,b1733,iML1515,automatic,3.1,none,
CIW80_12065,b3493,iML1515,automatic,3.1,none,
CIW80_09335,b2987,iML1515,automatic,3.1,none,
CIW80_20120,b0401,iML1515,automatic,3.1,none,
CIW80_16025,b4141,iML1515,automatic,3.1,none,
CIW80_01905,b1798,iML1515,automatic,3.1,none,
CIW80_13170,b3662,iML1515,automatic,3.1,none,
CIW80_00775,b1592,iML1515,automatic,3.1,none,
CIW80_08015,b2842,iML1515,automatic,3.1,none,
CIW80_15185,b4020,iML1515,automatic,3.1,none,
CIW80_03365,b1985,iML1515,automatic,3.1,none,
CIW80_10650,b3240,iML1515,automatic,3.1,none,
CIW80_10655,b3241,iML1515,automatic,3.1,none,
CIW80_05170,b2245,iML1515,automatic,3.1,none,
CIW80_00180,b1448,iML1515,automatic,3.1,none,
CIW80_13025,b3656,iML1515,automatic,3.1,none,
CIW80_14885,b3966,iML1515,automatic,3.1,none,
CIW80_15785,b4098,iML1515,automatic,3.1,none,
CIW80_01960,b1813,iML1515,automatic,3.1,none,
CIW80_04650,b2166,iML1515,automatic,3.1,none,
CIW80_24125,b1103,iML1515,automatic,3.1,none,
CIW80_15795,b4100,iML1515,automatic,3.1,none,
CIW80_15800,b4101,iML1515,automatic,3.1,none,
CIW80_15775,b4096,iML1515,automatic,3.1,none,
CIW80_15790,b4099,iML1515,automatic,3.1,none,
CIW80_15770,b4095,iML1515,automatic,3.1,none,
CIW80_15755,b4092,iML1515,automatic,3.1,none,
CIW80_04025,b2047,iML1515,automatic,3.1,none,
CIW80_15820,b4106,iML1515,automatic,3.1,none,
CIW80_15810,b4104,iML1515,automatic,3.1,none,
CIW80_15815,b4105,iML1515,automatic,3.1,none,
CIW80_21300,b0662,iML1515,automatic,3.1,none,
CIW80_08250,b2906,iML1515,automatic,3.1,none,
CIW80_07075,b2683,iML1515,automatic,3.1,none,
CIW80_07070,b2682,iML1515,automatic,3.1,none,
CIW80_02015,b1821,iML1515,automatic,3.1,none,
CIW80_04640,b2164,iML1515,automatic,3.1,none,
CIW80_00915,b1616,iML1515,automatic,3.1,none,
CIW80_20875,b0577,iML1515,automatic,3.1,none,
CIW80_20455,b0465,iML1515,automatic,3.1,none,
CIW80_10965,b3291,iML1515,automatic,3.1,none,
CIW80_16115,b4159,iML1515,automatic,3.1,none,
CIW80_08345,b2924,iML1515,automatic,3.1,none,
CIW80_25620,b1330,iML1515,automatic,3.1,none,
CIW80_22035,b0808,iML1515,automatic,3.1,none,
CIW80_05180,b2247,iML1515,automatic,3.1,none,
CIW80_20995,b0597,iML1515,automatic,3.1,none,
CIW80_02565,b1870,iML1515,automatic,3.1,none,
CIW80_10070,b3116,iML1515,automatic,3.1,none,
CIW80_07660,b2796,iML1515,automatic,3.1,none,
CIW80_15760,b4093,iML1515,automatic,3.1,none,
CIW80_24925,b1206,iML1515,automatic,3.1,none,
CIW80_00590,LF82_2815,iLF82_1304,automatic,3.1,none,
CIW80_00615,LF82_253,iLF82_1304,automatic,3.1,none,
CIW80_00620,LF82_254,iLF82_1304,automatic,3.1,none,
CIW80_00625,LF82_255,iLF82_1304,automatic,3.1,none,
CIW80_00630,LF82_256,iLF82_1304,automatic,3.1,none,
CIW80_01035,LF82_2342,iLF82_1304,automatic,3.1,none,
CIW80_01430,LF82_0251,iLF82_1304,automatic,3.1,none,
CIW80_01445,LF82_1639,iLF82_1304,automatic,3.1,none,
CIW80_01475,LF82_2262,iLF82_1304,automatic,3.1,none,
CIW80_01495,LF82_1620,iLF82_1304,automatic,3.1,none,
CIW80_01545,LF82_0293,iLF82_1304,automatic,3.1,none,
CIW80_01555,LF82_0290,iLF82_1304,automatic,3.1,none,
CIW80_02255,LF82_0175,iLF82_1304,automatic,3.1,none,
CIW80_02600,LF82_0128,iLF82_1304,automatic,3.1,none,
CIW80_02695,LF82_0112,iLF82_1304,automatic,3.1,none,
CIW80_03245,LF82_295,iLF82_1304,automatic,3.1,none,
CIW80_03255,LF82_297,iLF82_1304,automatic,3.1,none,
CIW80_03520,LF82_0335,iLF82_1304,automatic,3.1,none,
CIW80_04360,LF82_1322,iLF82_1304,automatic,3.1,none,
CIW80_04590,LF82_0306,iLF82_1304,automatic,3.1,none,
CIW80_04995,LF82_1386,iLF82_1304,automatic,3.1,none,
CIW80_05020,LF82_1560,iLF82_1304,automatic,3.1,none,
CIW80_05175,LF82_3042,iLF82_1304,automatic,3.1,none,
CIW80_05215,LF82_0138,iLF82_1304,automatic,3.1,none,
CIW80_05260,LF82_1311,iLF82_1304,automatic,3.1,none,
CIW80_05635,LF82_0619,iLF82_1304,automatic,3.1,none,
CIW80_05655,LF82_0621,iLF82_1304,automatic,3.1,none,
CIW80_05660,LF82_2406,iLF82_1304,automatic,3.1,none,
CIW80_05670,LF82_3072,iLF82_1304,automatic,3.1,none,
CIW80_05910,LF82_2441,iLF82_1304,automatic,3.1,none,
CIW80_05985,LF82_0419,iLF82_1304,automatic,3.1,none,
CIW80_05990,LF82_0409,iLF82_1304,automatic,3.1,none,
CIW80_06235,LF82_1775,iLF82_1304,automatic,3.1,none,
CIW80_06280,LF82_2384,iLF82_1304,automatic,3.1,none,
CIW80_06400,LF82_1011,iLF82_1304,automatic,3.1,none,
CIW80_06405,LF82_1130,iLF82_1304,automatic,3.1,none,
CIW80_06485,LF82_1122,iLF82_1304,automatic,3.1,none,
CIW80_06805,LF82_1900,iLF82_1304,removed,3.1,Empty gene. Removed in 4.7,
CIW80_06955,LF82_0782,iLF82_1304,automatic,3.1,none,
CIW80_07155,LF82_0058,iLF82_1304,automatic,3.1,none,
CIW80_07495,LF82_2179,iLF82_1304,automatic,3.1,none,
CIW80_08010,LF82_0109,iLF82_1304,automatic,3.1,none,
CIW80_08025,LF82_3647,iLF82_1304,automatic,3.1,none,
CIW80_08175,LF82_1243,iLF82_1304,automatic,3.1,none,
CIW80_08200,LF82_0677,iLF82_1304,automatic,3.1,none,
CIW80_08255,LF82_2353,iLF82_1304,automatic,3.1,none,
CIW80_08325,LF82_453,iLF82_1304,automatic,3.1,none,
CIW80_08585,LF82_1553,iLF82_1304,automatic,3.1,none,
CIW80_10070,LF82_2232,iLF82_1304,automatic,3.1,none,
CIW80_10100,LF82_0807,iLF82_1304,automatic,3.1,none,
CIW80_10145,LF82_0051,iLF82_1304,automatic,3.1,none,
CIW80_10160,LF82_514,iLF82_1304,automatic,3.1,Name updated to AgAF in notebook 4.2,
CIW80_10195,LF82_0048,iLF82_1304,removed,3.1,Empty gene. Removed in 4.7,
CIW80_10465,LF82_3691,iLF82_1304,automatic,3.1,none,
CIW80_10950,LF82_0718,iLF82_1304,automatic,3.1,none,
CIW80_11380,LF82_0414,iLF82_1304,automatic,3.1,none,
CIW80_11430,LF82_2316,iLF82_1304,automatic,3.1,none,
CIW80_12315,LF82_0447,iLF82_1304,automatic,3.1,none,
CIW80_12510,LF82_0893,iLF82_1304,automatic,3.1,none,
CIW80_12580,LF82_0200,iLF82_1304,automatic,3.1,none,
CIW80_12610,LF82_3341,iLF82_1304,automatic,3.1,none,
CIW80_12645,LF82_0065,iLF82_1304,automatic,3.1,none,
CIW80_12665,LF82_2110,iLF82_1304,automatic,3.1,none,
CIW80_12825,LF82_559,iLF82_1304,automatic,3.1,none,
CIW80_12830,LF82_560,iLF82_1304,automatic,3.1,none,
CIW80_12835,LF82_561,iLF82_1304,automatic,3.1,none,
CIW80_12840,LF82_562,iLF82_1304,automatic,3.1,none,
CIW80_12860,LF82_1854,iLF82_1304,automatic,3.1,none,
CIW80_14155,LF82_2350,iLF82_1304,automatic,3.1,none,
CIW80_14165,LF82_2347,iLF82_1304,automatic,3.1,none,
CIW80_14210,LF82_0614,iLF82_1304,automatic,3.1,none,
CIW80_14375,LF82_610,iLF82_1304,automatic,3.1,none,
CIW80_14720,LF82_623,iLF82_1304,automatic,3.1,none,
CIW80_14815,LF82_0120,iLF82_1304,automatic,3.1,none,
CIW80_15200,LF82_632,iLF82_1304,automatic,3.1,none,
CIW80_15440,LF82_2339,iLF82_1304,automatic,3.1,none,
CIW80_15455,LF82_642,iLF82_1304,automatic,3.1,none,
CIW80_15645,LF82_0882,iLF82_1304,automatic,3.1,none,
CIW80_15850,LF82_1732,iLF82_1304,automatic,3.1,none,
CIW80_16380,LF82_709,iLF82_1304,automatic,3.1,none,
CIW80_16415,LF82_0399,iLF82_1304,automatic,3.1,none,
CIW80_16615,LF82_717,iLF82_1304,automatic,3.1,none,
CIW80_16645,LF82_2407,iLF82_1304,automatic,3.1,none,
CIW80_17605,LF82_1438,iLF82_1304,automatic,3.1,none,
CIW80_17695,LF82_2261,iLF82_1304,automatic,3.1,none,
CIW80_17800,LF82_1096,iLF82_1304,automatic,3.1,none,
CIW80_17965,LF82_1112,iLF82_1304,automatic,3.1,none,
CIW80_18620,LF82_1797,iLF82_1304,automatic,3.1,none,
CIW80_18750,LF82_1734,iLF82_1304,automatic,3.1,none,
CIW80_20120,LF82_0245,iLF82_1304,automatic,3.1,none,
CIW80_20510,LF82_0040,iLF82_1304,automatic,3.1,none,
CIW80_20705,LF82_0070,iLF82_1304,automatic,3.1,none,
CIW80_20765,LF82_0423,iLF82_1304,automatic,3.1,none,
CIW80_20870,LF82_1637,iLF82_1304,automatic,3.1,none,
CIW80_20925,LF82_0646,iLF82_1304,automatic,3.1,none,
CIW80_20950,LF82_0642,iLF82_1304,automatic,3.1,none,
CIW80_21210,LF82_0334,iLF82_1304,automatic,3.1,none,
CIW80_21230,LF82_1186,iLF82_1304,automatic,3.1,none,
CIW80_21300,LF82_2351,iLF82_1304,automatic,3.1,none,
CIW80_21420,LF82_0856,iLF82_1304,automatic,3.1,none,
CIW80_21620,LF82_2198,iLF82_1304,automatic,3.1,none,
CIW80_21730,LF82_1681,iLF82_1304,automatic,3.1,none,
CIW80_22495,LF82_2118,iLF82_1304,automatic,3.1,none,
CIW80_22665,LF82_0168,iLF82_1304,automatic,3.1,none,
CIW80_22995,LF82_2055,iLF82_1304,automatic,3.1,none,
CIW80_23035,LF82_1787,iLF82_1304,automatic,3.1,none,
CIW80_14050,UM146_19310,iUMN146_1321,automatic,3.1,none,
CIW80_16385,UM146_21300,iUMN146_1321,automatic,3.1,none,
CIW80_19405,UM146_16100,iUMN146_1321,automatic,3.1,none,
CIW80_23530,UM146_12315,iUMN146_1321,automatic,3.1,none,
CIW80_23545,UM146_12300,iUMN146_1321,automatic,3.1,none,
CIW80_23550,UM146_12295,iUMN146_1321,automatic,3.1,none,
CIW80_24585,UM146_11315,iUMN146_1321,automatic,3.1,none,
CIW80_05845,EcolC_1277,iEcolC_1368,automatic,3.1,none,
CIW80_14200,EcolC_4166,iEcolC_1368,automatic,3.1,none,
CIW80_12835,ECB_03482,iECB_1328,automatic,3.1,none,
CIW80_12845,ECB_03486,iECB_1328,automatic,3.1,none,
CIW80_09625,ECDH1ME8569_2931,iECDH1ME8569_1439,automatic,3.1,none,
CIW80_19220,ECED1_0326,iECED1_1282,automatic,3.1,none,
CIW80_19225,ECED1_0325,iECED1_1282,automatic,3.1,none,
CIW80_16440,ECIAI1_4447,iECIAI1_1343,automatic,3.1,none,
CIW80_18840,ECIAI1_0220,iECIAI1_1343,automatic,3.1,none,
CIW80_20780,ECIAI1_0531,iECIAI1_1343,automatic,3.1,none,
CIW80_21725,ECIAI1_0718,iECIAI1_1343,automatic,3.1,none,
CIW80_22565,ECIAI1_0951,iECIAI1_1343,automatic,3.1,none,
CIW80_03965,EKO11_1761,iEKO11_1354,automatic,3.1,none,
CIW80_12030,ECSF_3307,iECSF_1327,automatic,3.1,none,
CIW80_03525,ECW_m2165,iECW_1372,automatic,3.1,none,
CIW80_03825,ECW_m2166,iECW_1372,automatic,3.1,none,
CIW80_04255,ECW_m2296,iECW_1372,automatic,3.1,none,
CIW80_04260,ECW_m2297,iECW_1372,automatic,3.1,none,
CIW80_04270,ECW_m2298,iECW_1372,automatic,3.1,none,
CIW80_04275,ECW_m2299,iECW_1372,automatic,3.1,none,
CIW80_04280,ECW_m2300,iECW_1372,automatic,3.1,none,
CIW80_04285,ECW_m2301,iECW_1372,automatic,3.1,none,
CIW80_04290,ECW_m2302,iECW_1372,automatic,3.1,none,
CIW80_04300,ECW_m2304,iECW_1372,automatic,3.1,none,
CIW80_04305,ECW_m2305,iECW_1372,automatic,3.1,none,
CIW80_04330,ECW_m2311,iECW_1372,automatic,3.1,none,
CIW80_04380,ECW_m2320,iECW_1372,automatic,3.1,none,
CIW80_04400,ECW_m2324,iECW_1372,automatic,3.1,none,
CIW80_04435,ECW_m2331,iECW_1372,automatic,3.1,none,
CIW80_04440,ECW_m2332,iECW_1372,automatic,3.1,none,
CIW80_13505,ECW_m4027,iECW_1372,automatic,3.1,none,
CIW80_25155,ECW_m1336,iECW_1372,automatic,3.1,none,
CIW80_00635,ECS88_1613,iECS88_1305,automatic,3.1,none,
CIW80_05020,SbBS512_E0724,iSbBS512_1146,automatic,3.1,none,
CIW80_05275,SFxv_2588,iSFxv_1172,removed,3.1,Empty gene. Removed in 4.7,
CIW80_14645,SFxv_4366,iSFxv_1172,automatic,3.1,none,
CIW80_21840,SFxv_0967,iSFxv_1172,automatic,3.1,none,
CIW80_17680,S0001,iS_1188,automatic,3.1,none,
CIW80_20985,CIW80_20985,New Reaction,manual,4.6,none,
CIW80_20915,CIW80_20915,New Reaction,manual,4.6,none,
CIW80_20935,CIW80_20935,New Reaction,manual,4.6,none,
CIW80_20135,CIW80_20135,New Reaction,manual,4.6,none,
CIW80_23550,CIW80_23550,New Reaction,manual,4.6,none,
CIW80_09625,CIW80_09625,Import from BiGG - STM_v1_0,manual,4.6,none,
CIW80_23540,CIW80_23540,Import from BiGG - STM_v1_0,manual,4.6,none,
CIW80_23535,CIW80_23535,Import from BiGG - STM_v1_0,manual,4.6,none,
CIW80_08745,CIW80_08745,New Reaction,manual,4.6,none,
CIW80_08735,CIW80_08735,New Reaction,manual,4.6,none,
CIW80_08730,CIW80_08730,New Reaction,manual,4.6,none,
CIW80_08740,CIW80_08740,New Reaction,manual,4.6,none,
CIW80_03275,CIW80_03275,New Reaction,manual,4.6,none,
CIW80_03485,CIW80_03485,New Reaction,manual,4.6,none,
CIW80_03270,CIW80_03270,New Reaction,manual,4.6,none,
CIW80_03290,CIW80_03290,New Reaction,manual,4.6,none,
CIW80_03425,CIW80_03425,New Reaction,manual,4.6,none,
CIW80_03420,CIW80_03420,New Reaction,manual,4.6,none,
CIW80_03280,CIW80_03280,New Reaction,manual,4.6,none,
CIW80_03405,CIW80_03405,New Reaction,manual,4.6,none,
CIW80_03465,CIW80_03465,New Reaction,manual,4.6,none,
CIW80_03460,CIW80_03460,New Reaction,manual,4.6,none,
CIW80_03435,CIW80_03435,New Reaction,manual,4.6,none,
CIW80_03430,CIW80_03430,New Reaction,manual,4.6,none,
CIW80_03400,CIW80_03400,New Reaction,manual,4.6,none,
CIW80_03390,CIW80_03390,New Reaction,manual,4.6,none,
CIW80_03415,CIW80_03415,New Reaction,manual,4.6,none,
CIW80_03455,CIW80_03455,New Reaction,manual,4.6,none,
CIW80_03445,CIW80_03445,New Reaction,manual,4.6,none,
CIW80_03440,CIW80_03440,New Reaction,manual,4.6,none,
CIW80_03410,CIW80_03410,New Reaction,manual,4.6,none,
CIW80_03395,CIW80_03395,New Reaction,manual,4.6,none,
CIW80_17025,CIW80_17025,iAF1260,manual,4.6,Added based on Sun et al. (2005) in notebook 4.6,
CIW80_17030,CIW80_17030,iAF1260,manual,4.6,Added based on Sun et al. (2005) in notebook 4.6,
